Scientific name,Date,380 [nm],385 ,390 ,395 ,400 ,405 ,410 ,415 ,420 ,425 ,430 ,435 ,440 ,445 ,450 ,455 ,460 ,465 ,470 ,475 ,480 ,485 ,490 ,495 ,500 ,505 ,510 ,515 ,520 ,525 ,530 ,535 ,540 ,545 ,550 ,555 ,560 ,565 ,570 ,575 ,580 ,585 ,590 ,595 ,600 ,605 ,610 ,615 ,620 ,625 ,630 ,635 ,640 ,645 ,650 ,655 ,660 ,665 ,670 ,675 ,680 ,685 ,690 ,695 ,700 ,705 ,710 ,715 ,720 ,725 ,730 ,735 ,740 ,745 ,750 ,755 ,760 ,765 ,770 ,775 ,780 
'Acer buergerianum',2014/8/19,0.14286 ,0.00000 ,0.00000 ,0.00000 ,0.00000 ,0.00000 ,0.00000 ,0.00000 ,0.00000 ,0.00000 ,0.00435 ,0.00225 ,0.00374 ,0.00364 ,0.00438 ,0.00506 ,0.00555 ,0.00547 ,0.00575 ,0.00566 ,0.00609 ,0.00680 ,0.00665 ,0.00813 ,0.00982 ,0.01324 ,0.01876 ,0.02650 ,0.03760 ,0.04961 ,0.06052 ,0.06764 ,0.07179 ,0.07422 ,0.07753 ,0.07865 ,0.07752 ,0.07347 ,0.06692 ,0.05962 ,0.05314 ,0.04904 ,0.04575 ,0.04367 ,0.04209 ,0.04049 ,0.03832 ,0.03526 ,0.03262 ,0.03088 ,0.03024 ,0.02958 ,0.02677 ,0.02226 ,0.01809 ,0.01588 ,0.01415 ,0.01152 ,0.00933 ,0.00844 ,0.00826 ,0.01004 ,0.01881 ,0.04019 ,0.07503 ,0.11385 ,0.15317 ,0.18776 ,0.22760 ,0.26513 ,0.29932 ,0.33071 ,0.35556 ,0.37931 ,0.38503 ,0.39053 ,0.39610 ,0.39130 ,0.38525 ,0.37615 ,0.37895 
'Acer palmatum',2014/8/5,0.00000 ,0.00000 ,0.00000 ,0.00000 ,0.00000 ,0.00000 ,0.00000 ,0.00000 ,0.02174 ,0.01852 ,0.01739 ,0.01802 ,0.01993 ,0.02109 ,0.02365 ,0.02562 ,0.02700 ,0.02785 ,0.02810 ,0.02910 ,0.03046 ,0.03058 ,0.03326 ,0.03659 ,0.04286 ,0.05374 ,0.06741 ,0.08707 ,0.10870 ,0.13099 ,0.14837 ,0.15921 ,0.16599 ,0.17051 ,0.17333 ,0.17538 ,0.17345 ,0.16820 ,0.15888 ,0.14784 ,0.13847 ,0.13144 ,0.12631 ,0.12249 ,0.12018 ,0.11738 ,0.11289 ,0.10632 ,0.10053 ,0.09751 ,0.09621 ,0.09487 ,0.08827 ,0.07791 ,0.06755 ,0.06163 ,0.05593 ,0.04752 ,0.04044 ,0.03713 ,0.03670 ,0.04317 ,0.06748 ,0.11328 ,0.16917 ,0.21846 ,0.26232 ,0.29592 ,0.33414 ,0.36023 ,0.39116 ,0.40945 ,0.43556 ,0.44335 ,0.44920 ,0.45562 ,0.45455 ,0.44203 ,0.45082 ,0.43119 ,0.44211 
'Aesculus hippocastanum',2014/10/10,0.00000 ,0.00000 ,0.00000 ,0.00000 ,0.00000 ,0.00000 ,0.00000 ,0.00000 ,0.00000 ,0.00000 ,0.00000 ,0.00225 ,0.00249 ,0.00218 ,0.00307 ,0.00337 ,0.00370 ,0.00398 ,0.00383 ,0.00404 ,0.00406 ,0.00453 ,0.00554 ,0.00610 ,0.00804 ,0.01168 ,0.01807 ,0.02776 ,0.03995 ,0.05351 ,0.06427 ,0.07128 ,0.07587 ,0.07874 ,0.08099 ,0.08256 ,0.08140 ,0.07733 ,0.07029 ,0.06253 ,0.05558 ,0.05101 ,0.04774 ,0.04518 ,0.04412 ,0.04254 ,0.03988 ,0.03632 ,0.03369 ,0.03142 ,0.03134 ,0.03125 ,0.02733 ,0.02226 ,0.01749 ,0.01525 ,0.01348 ,0.01008 ,0.00778 ,0.00675 ,0.00642 ,0.00904 ,0.01881 ,0.04507 ,0.08868 ,0.13538 ,0.18134 ,0.22041 ,0.26392 ,0.30548 ,0.34354 ,0.37795 ,0.40889 ,0.43350 ,0.43850 ,0.44379 ,0.44156 ,0.44203 ,0.44262 ,0.43119 ,0.43158 
'Alternanthera ficoidea',2014/12/1,0.00000 ,0.00000 ,0.00000 ,0.00000 ,0.00000 ,0.00000 ,0.00000 ,0.00000 ,0.00000 ,0.00000 ,0.00000 ,0.00000 ,0.00000 ,0.00000 ,0.00000 ,0.00034 ,0.00037 ,0.00000 ,0.00000 ,0.00000 ,0.00000 ,0.00000 ,0.00000 ,0.00000 ,0.00000 ,0.00000 ,0.00000 ,0.00000 ,0.00000 ,0.00000 ,0.00000 ,0.00000 ,0.00000 ,0.00000 ,0.00000 ,0.00000 ,0.00000 ,0.00000 ,0.00048 ,0.00048 ,0.00049 ,0.00098 ,0.00199 ,0.00351 ,0.00558 ,0.00820 ,0.01088 ,0.01316 ,0.01444 ,0.01571 ,0.01704 ,0.01786 ,0.01595 ,0.01230 ,0.00844 ,0.00699 ,0.00539 ,0.00360 ,0.00233 ,0.00169 ,0.00092 ,0.00201 ,0.00996 ,0.03045 ,0.06685 ,0.10462 ,0.14437 ,0.18367 ,0.22276 ,0.26513 ,0.30272 ,0.33071 ,0.36000 ,0.37931 ,0.38503 ,0.38462 ,0.38312 ,0.38406 ,0.37705 ,0.36697 ,0.36842 
'Amelanchier canadensis',2014/9/26,0.00000 ,0.00000 ,0.00000 ,0.00000 ,0.00000 ,0.00000 ,0.00000 ,0.00000 ,0.00000 ,0.00000 ,0.00000 ,0.00225 ,0.00249 ,0.00291 ,0.00307 ,0.00270 ,0.00296 ,0.00298 ,0.00319 ,0.00323 ,0.00305 ,0.00340 ,0.00333 ,0.00407 ,0.00446 ,0.00545 ,0.00625 ,0.00757 ,0.00881 ,0.00892 ,0.00964 ,0.00989 ,0.01069 ,0.01053 ,0.01136 ,0.01270 ,0.01405 ,0.01643 ,0.01974 ,0.02327 ,0.02828 ,0.03433 ,0.04078 ,0.04769 ,0.05527 ,0.06253 ,0.07043 ,0.07789 ,0.08556 ,0.09209 ,0.09841 ,0.10491 ,0.10991 ,0.11365 ,0.11701 ,0.11944 ,0.12129 ,0.12239 ,0.12442 ,0.12489 ,0.12752 ,0.13052 ,0.13496 ,0.13642 ,0.13779 ,0.13846 ,0.14085 ,0.14082 ,0.14286 ,0.14409 ,0.14626 ,0.14567 ,0.14667 ,0.15271 ,0.14439 ,0.14793 ,0.14286 ,0.14493 ,0.14754 ,0.13761 ,0.14737 
'Aphananthe aspera',2014/8/22,0.00000 ,0.00000 ,0.00000 ,0.00000 ,0.00000 ,0.00000 ,0.00000 ,0.00000 ,0.00000 ,0.00000 ,0.00435 ,0.00450 ,0.00374 ,0.00436 ,0.00482 ,0.00539 ,0.00555 ,0.00547 ,0.00575 ,0.00566 ,0.00609 ,0.00566 ,0.00665 ,0.00711 ,0.00804 ,0.01012 ,0.01320 ,0.01893 ,0.02644 ,0.03623 ,0.04499 ,0.05151 ,0.05448 ,0.05667 ,0.05778 ,0.05862 ,0.05717 ,0.05317 ,0.04718 ,0.04072 ,0.03608 ,0.03286 ,0.02984 ,0.02811 ,0.02738 ,0.02614 ,0.02434 ,0.02211 ,0.02032 ,0.01950 ,0.01869 ,0.01897 ,0.01708 ,0.01465 ,0.01267 ,0.01144 ,0.01011 ,0.00864 ,0.00778 ,0.00675 ,0.00734 ,0.00803 ,0.01327 ,0.02680 ,0.05321 ,0.09077 ,0.13204 ,0.17143 ,0.22034 ,0.26513 ,0.30952 ,0.35433 ,0.39556 ,0.42365 ,0.44385 ,0.44379 ,0.43506 ,0.42754 ,0.41803 ,0.41284 ,0.41053 
'Aucuba japonica',2014/9/9,0.00000 ,0.00000 ,0.00000 ,0.00000 ,0.00000 ,0.00000 ,0.00000 ,0.00000 ,0.00000 ,0.00000 ,0.00000 ,0.00000 ,0.00125 ,0.00073 ,0.00088 ,0.00101 ,0.00111 ,0.00099 ,0.00128 ,0.00081 ,0.00102 ,0.00113 ,0.00111 ,0.00203 ,0.00268 ,0.00467 ,0.00764 ,0.01388 ,0.02174 ,0.03177 ,0.04017 ,0.04579 ,0.04939 ,0.05065 ,0.05235 ,0.05276 ,0.05136 ,0.04737 ,0.04189 ,0.03587 ,0.03072 ,0.02746 ,0.02486 ,0.02309 ,0.02231 ,0.02101 ,0.01916 ,0.01684 ,0.01497 ,0.01408 ,0.01374 ,0.01339 ,0.01139 ,0.00879 ,0.00603 ,0.00508 ,0.00404 ,0.00288 ,0.00233 ,0.00169 ,0.00183 ,0.00201 ,0.00664 ,0.01949 ,0.04638 ,0.08000 ,0.11620 ,0.15306 ,0.19613 ,0.23919 ,0.27891 ,0.33071 ,0.36000 ,0.39901 ,0.41176 ,0.42604 ,0.42208 ,0.43478 ,0.40984 ,0.41284 ,0.40000 
'Bambusoideae',2014/8/19,0.14286 ,0.00000 ,0.00000 ,0.00000 ,0.00000 ,0.00000 ,0.00000 ,0.00000 ,0.02174 ,0.01852 ,0.01739 ,0.01802 ,0.01743 ,0.01891 ,0.02059 ,0.02191 ,0.02293 ,0.02387 ,0.02427 ,0.02425 ,0.02538 ,0.02605 ,0.02661 ,0.02846 ,0.03304 ,0.03894 ,0.04864 ,0.06435 ,0.08519 ,0.10758 ,0.12694 ,0.13996 ,0.14664 ,0.15095 ,0.15407 ,0.15633 ,0.15310 ,0.14596 ,0.13433 ,0.12215 ,0.11117 ,0.10348 ,0.09746 ,0.09337 ,0.09128 ,0.08867 ,0.08389 ,0.07842 ,0.07273 ,0.06988 ,0.06872 ,0.06752 ,0.06264 ,0.05565 ,0.04765 ,0.04447 ,0.04111 ,0.03600 ,0.03188 ,0.02954 ,0.03028 ,0.03414 ,0.04978 ,0.08404 ,0.14052 ,0.19692 ,0.25352 ,0.30408 ,0.35835 ,0.41210 ,0.46259 ,0.51575 ,0.55556 ,0.58621 ,0.59358 ,0.60947 ,0.60390 ,0.60145 ,0.59836 ,0.56881 ,0.57895 
'Callistemon citrinus',2014/8/22,0.00000 ,0.00000 ,0.00000 ,0.00000 ,0.00000 ,0.00000 ,0.00000 ,0.00000 ,0.00000 ,0.00000 ,0.00000 ,0.00000 ,0.00000 ,0.00073 ,0.00088 ,0.00101 ,0.00111 ,0.00149 ,0.00128 ,0.00162 ,0.00102 ,0.00113 ,0.00111 ,0.00203 ,0.00268 ,0.00312 ,0.00486 ,0.00757 ,0.01293 ,0.02007 ,0.02732 ,0.03278 ,0.03615 ,0.03862 ,0.04000 ,0.04104 ,0.03973 ,0.03673 ,0.03178 ,0.02666 ,0.02243 ,0.01962 ,0.01740 ,0.01657 ,0.01572 ,0.01486 ,0.01346 ,0.01211 ,0.01016 ,0.00921 ,0.00935 ,0.00893 ,0.00797 ,0.00644 ,0.00483 ,0.00445 ,0.00337 ,0.00288 ,0.00233 ,0.00169 ,0.00183 ,0.00301 ,0.00553 ,0.01340 ,0.03683 ,0.06923 ,0.11092 ,0.15510 ,0.20823 ,0.25072 ,0.29252 ,0.32283 ,0.35556 ,0.37438 ,0.37433 ,0.39645 ,0.38961 ,0.37681 ,0.37705 ,0.37615 ,0.37895 
'Camellia japonica',2014/11/5,0.14286 ,0.00000 ,0.00000 ,0.00000 ,0.00000 ,0.00000 ,0.00000 ,0.00000 ,0.00000 ,0.00000 ,0.00000 ,0.00000 ,0.00000 ,0.00000 ,0.00000 ,0.00034 ,0.00037 ,0.00050 ,0.00000 ,0.00000 ,0.00000 ,0.00000 ,0.00000 ,0.00102 ,0.00089 ,0.00234 ,0.00417 ,0.00820 ,0.01469 ,0.02285 ,0.02999 ,0.03434 ,0.03717 ,0.03862 ,0.04000 ,0.04055 ,0.03924 ,0.03625 ,0.03081 ,0.02569 ,0.02194 ,0.01864 ,0.01641 ,0.01556 ,0.01471 ,0.01384 ,0.01191 ,0.01053 ,0.00909 ,0.00813 ,0.00770 ,0.00725 ,0.00626 ,0.00410 ,0.00302 ,0.00254 ,0.00202 ,0.00144 ,0.00078 ,0.00084 ,0.00092 ,0.00100 ,0.00332 ,0.01218 ,0.03274 ,0.06154 ,0.09155 ,0.12449 ,0.15738 ,0.19308 ,0.23129 ,0.26772 ,0.29333 ,0.32020 ,0.33155 ,0.33728 ,0.33766 ,0.34058 ,0.33607 ,0.33028 ,0.32632 
'Camellia rusticana',2014/12/15,0.14286 ,0.00000 ,0.00000 ,0.00000 ,0.00000 ,0.00000 ,0.00000 ,0.00000 ,0.00000 ,0.00000 ,0.00000 ,0.00000 ,0.00000 ,0.00000 ,0.00044 ,0.00034 ,0.00037 ,0.00050 ,0.00064 ,0.00081 ,0.00102 ,0.00113 ,0.00111 ,0.00102 ,0.00179 ,0.00389 ,0.00625 ,0.01199 ,0.01880 ,0.02787 ,0.03535 ,0.04058 ,0.04328 ,0.04564 ,0.04741 ,0.04787 ,0.04700 ,0.04398 ,0.03900 ,0.03393 ,0.02925 ,0.02648 ,0.02387 ,0.02259 ,0.02130 ,0.02050 ,0.01864 ,0.01684 ,0.01444 ,0.01354 ,0.01319 ,0.01283 ,0.01082 ,0.00820 ,0.00603 ,0.00445 ,0.00337 ,0.00216 ,0.00156 ,0.00084 ,0.00092 ,0.00201 ,0.00664 ,0.02192 ,0.04775 ,0.07846 ,0.10739 ,0.13061 ,0.15981 ,0.18444 ,0.21088 ,0.23228 ,0.25333 ,0.26108 ,0.27273 ,0.27219 ,0.27273 ,0.27536 ,0.27049 ,0.25688 ,0.26316 
'Cercidiphyllum japonicum',2014/8/5,0.14286 ,0.00000 ,0.00000 ,0.00000 ,0.00000 ,0.00000 ,0.00000 ,0.00000 ,0.00000 ,0.00000 ,0.00000 ,0.00000 ,0.00125 ,0.00145 ,0.00175 ,0.00202 ,0.00222 ,0.00249 ,0.00255 ,0.00243 ,0.00305 ,0.00340 ,0.00333 ,0.00407 ,0.00625 ,0.00935 ,0.01390 ,0.02208 ,0.03290 ,0.04515 ,0.05624 ,0.06400 ,0.06874 ,0.07172 ,0.07407 ,0.07572 ,0.07461 ,0.07153 ,0.06548 ,0.05865 ,0.05266 ,0.04855 ,0.04525 ,0.04317 ,0.04209 ,0.04049 ,0.03780 ,0.03474 ,0.03155 ,0.02979 ,0.02914 ,0.02846 ,0.02563 ,0.02050 ,0.01568 ,0.01334 ,0.01146 ,0.00792 ,0.00544 ,0.00422 ,0.00459 ,0.00703 ,0.01659 ,0.04019 ,0.07503 ,0.11538 ,0.15317 ,0.18776 ,0.22276 ,0.25072 ,0.27891 ,0.29921 ,0.31556 ,0.33005 ,0.33155 ,0.33728 ,0.33766 ,0.33333 ,0.32787 ,0.32110 ,0.32632 
'Cinnamomum camphora',2014/8/5,0.14286 ,0.00000 ,0.00000 ,0.00000 ,0.00000 ,0.00000 ,0.00000 ,0.00000 ,0.00000 ,0.00926 ,0.00435 ,0.00450 ,0.00498 ,0.00582 ,0.00657 ,0.00674 ,0.00703 ,0.00746 ,0.00766 ,0.00808 ,0.00812 ,0.00793 ,0.00887 ,0.00915 ,0.01071 ,0.01324 ,0.01737 ,0.02397 ,0.03231 ,0.04348 ,0.05249 ,0.05879 ,0.06212 ,0.06369 ,0.06519 ,0.06595 ,0.06444 ,0.05993 ,0.05441 ,0.04750 ,0.04242 ,0.03874 ,0.03630 ,0.03464 ,0.03347 ,0.03229 ,0.03055 ,0.02789 ,0.02567 ,0.02438 ,0.02364 ,0.02344 ,0.02164 ,0.01875 ,0.01689 ,0.01525 ,0.01348 ,0.01152 ,0.01011 ,0.00928 ,0.00917 ,0.01104 ,0.01549 ,0.02923 ,0.05593 ,0.08769 ,0.12500 ,0.16327 ,0.20581 ,0.24784 ,0.28231 ,0.31890 ,0.35111 ,0.36946 ,0.37968 ,0.39645 ,0.38961 ,0.39130 ,0.38525 ,0.37615 ,0.36842 
'Citrus aurantium',2014/8/22,0.00000 ,0.00000 ,0.00000 ,0.00000 ,0.00000 ,0.00000 ,0.00000 ,0.00000 ,0.00000 ,0.00000 ,0.00000 ,0.00000 ,0.00000 ,0.00000 ,0.00000 ,0.00000 ,0.00000 ,0.00000 ,0.00000 ,0.00000 ,0.00000 ,0.00000 ,0.00000 ,0.00000 ,0.00000 ,0.00000 ,0.00000 ,0.00063 ,0.00176 ,0.00390 ,0.00589 ,0.00728 ,0.00866 ,0.00903 ,0.00938 ,0.00928 ,0.00921 ,0.00773 ,0.00626 ,0.00485 ,0.00341 ,0.00294 ,0.00249 ,0.00201 ,0.00203 ,0.00154 ,0.00155 ,0.00105 ,0.00107 ,0.00054 ,0.00055 ,0.00056 ,0.00057 ,0.00000 ,0.00000 ,0.00000 ,0.00000 ,0.00000 ,0.00000 ,0.00000 ,0.00000 ,0.00000 ,0.00000 ,0.00122 ,0.00682 ,0.01846 ,0.03345 ,0.05510 ,0.07990 ,0.10951 ,0.13946 ,0.16929 ,0.19556 ,0.21182 ,0.22460 ,0.23077 ,0.23377 ,0.22464 ,0.22951 ,0.22018 ,0.22105 
'Cornus florida',2014/8/19,0.00000 ,0.00000 ,0.00000 ,0.00000 ,0.00000 ,0.00000 ,0.00000 ,0.00000 ,0.00000 ,0.00000 ,0.00000 ,0.00000 ,0.00125 ,0.00145 ,0.00131 ,0.00202 ,0.00222 ,0.00249 ,0.00255 ,0.00243 ,0.00305 ,0.00340 ,0.00333 ,0.00407 ,0.00536 ,0.00779 ,0.01181 ,0.01830 ,0.02644 ,0.03567 ,0.04339 ,0.04891 ,0.05244 ,0.05466 ,0.05679 ,0.05765 ,0.05717 ,0.05510 ,0.05055 ,0.04556 ,0.04144 ,0.03825 ,0.03580 ,0.03414 ,0.03296 ,0.03178 ,0.03055 ,0.02842 ,0.02620 ,0.02492 ,0.02474 ,0.02400 ,0.02107 ,0.01699 ,0.01327 ,0.01144 ,0.01011 ,0.00792 ,0.00544 ,0.00506 ,0.00550 ,0.00803 ,0.01770 ,0.03898 ,0.07367 ,0.11231 ,0.14789 ,0.18163 ,0.21792 ,0.25360 ,0.28571 ,0.31496 ,0.34222 ,0.35961 ,0.36364 ,0.36686 ,0.36364 ,0.36232 ,0.35246 ,0.33945 ,0.33684 
'Dendrobenthamida omeiensis',2014/12/15,0.14286 ,0.00000 ,0.00000 ,0.00000 ,0.00000 ,0.00000 ,0.00000 ,0.00000 ,0.00000 ,0.00000 ,0.00000 ,0.00000 ,0.00000 ,0.00000 ,0.00044 ,0.00034 ,0.00037 ,0.00050 ,0.00064 ,0.00081 ,0.00102 ,0.00113 ,0.00111 ,0.00102 ,0.00179 ,0.00312 ,0.00556 ,0.01073 ,0.01821 ,0.02787 ,0.03589 ,0.04214 ,0.04532 ,0.04714 ,0.04889 ,0.04934 ,0.04797 ,0.04398 ,0.03852 ,0.03248 ,0.02779 ,0.02452 ,0.02188 ,0.02008 ,0.01927 ,0.01845 ,0.01657 ,0.01421 ,0.01230 ,0.01192 ,0.01100 ,0.01060 ,0.00911 ,0.00644 ,0.00483 ,0.00381 ,0.00270 ,0.00216 ,0.00078 ,0.00084 ,0.00092 ,0.00201 ,0.00442 ,0.01705 ,0.04093 ,0.07385 ,0.10739 ,0.14082 ,0.18160 ,0.22190 ,0.26871 ,0.31102 ,0.34222 ,0.36453 ,0.37968 ,0.39053 ,0.38961 ,0.38406 ,0.37705 ,0.37615 ,0.37895 
'Dianthus caryophyllus',2014/12/15,0.14286 ,0.00000 ,0.00000 ,0.00000 ,0.00000 ,0.00000 ,0.00000 ,0.00000 ,0.00000 ,0.00000 ,0.00000 ,0.00000 ,0.00000 ,0.00000 ,0.00000 ,0.00000 ,0.00000 ,0.00000 ,0.00000 ,0.00000 ,0.00000 ,0.00000 ,0.00000 ,0.00000 ,0.00000 ,0.00000 ,0.00069 ,0.00189 ,0.00470 ,0.00892 ,0.01339 ,0.01717 ,0.01935 ,0.02056 ,0.02173 ,0.02198 ,0.02132 ,0.01885 ,0.01541 ,0.01212 ,0.00926 ,0.00785 ,0.00646 ,0.00552 ,0.00507 ,0.00461 ,0.00414 ,0.00316 ,0.00267 ,0.00217 ,0.00220 ,0.00223 ,0.00171 ,0.00117 ,0.00060 ,0.00064 ,0.00000 ,0.00000 ,0.00000 ,0.00000 ,0.00000 ,0.00000 ,0.00111 ,0.00609 ,0.02183 ,0.05077 ,0.08803 ,0.13061 ,0.18402 ,0.23631 ,0.28912 ,0.34252 ,0.37778 ,0.40394 ,0.41711 ,0.43195 ,0.42208 ,0.41304 ,0.40984 ,0.38532 ,0.37895 
'Dioscorea japonica',2014/11/5,0.28571 ,0.25000 ,0.33333 ,0.50000 ,0.00000 ,0.00000 ,0.16667 ,0.11765 ,0.08696 ,0.09259 ,0.09565 ,0.09910 ,0.10336 ,0.10836 ,0.11038 ,0.10920 ,0.10836 ,0.11288 ,0.11877 ,0.12207 ,0.12386 ,0.12571 ,0.13082 ,0.14024 ,0.15446 ,0.17679 ,0.20709 ,0.24669 ,0.28437 ,0.31996 ,0.34655 ,0.36576 ,0.38136 ,0.39268 ,0.40247 ,0.41133 ,0.41909 ,0.42629 ,0.43380 ,0.43868 ,0.44369 ,0.44924 ,0.45400 ,0.45783 ,0.46197 ,0.46540 ,0.46712 ,0.47000 ,0.47059 ,0.47237 ,0.47554 ,0.47768 ,0.47836 ,0.47745 ,0.47045 ,0.47014 ,0.46833 ,0.46580 ,0.46190 ,0.46160 ,0.45963 ,0.47189 ,0.48894 ,0.49817 ,0.50341 ,0.50308 ,0.50528 ,0.50612 ,0.51574 ,0.51585 ,0.51701 ,0.52756 ,0.52444 ,0.53202 ,0.51872 ,0.53254 ,0.52597 ,0.52174 ,0.52459 ,0.51376 ,0.51579 
'Diospyros',2014/9/19,0.14286 ,0.00000 ,0.00000 ,0.00000 ,0.00000 ,0.00000 ,0.00000 ,0.00000 ,0.00000 ,0.00000 ,0.00000 ,0.00000 ,0.00000 ,0.00073 ,0.00088 ,0.00101 ,0.00111 ,0.00099 ,0.00128 ,0.00081 ,0.00102 ,0.00113 ,0.00111 ,0.00203 ,0.00179 ,0.00312 ,0.00417 ,0.00631 ,0.00999 ,0.01449 ,0.01821 ,0.02133 ,0.02240 ,0.02357 ,0.02420 ,0.02491 ,0.02374 ,0.02175 ,0.01926 ,0.01600 ,0.01365 ,0.01226 ,0.01094 ,0.01054 ,0.01014 ,0.00974 ,0.00880 ,0.00789 ,0.00695 ,0.00704 ,0.00660 ,0.00614 ,0.00569 ,0.00469 ,0.00422 ,0.00318 ,0.00270 ,0.00216 ,0.00156 ,0.00169 ,0.00183 ,0.00201 ,0.00332 ,0.00853 ,0.02046 ,0.03692 ,0.05986 ,0.08571 ,0.12107 ,0.14986 ,0.18707 ,0.22441 ,0.25333 ,0.27586 ,0.28877 ,0.30178 ,0.29870 ,0.29710 ,0.30328 ,0.28440 ,0.28421 
'Duranta erecta',2014/8/21,0.14286 ,0.00000 ,0.00000 ,0.00000 ,0.00000 ,0.00000 ,0.00000 ,0.00000 ,0.00000 ,0.00000 ,0.00000 ,0.00000 ,0.00000 ,0.00073 ,0.00088 ,0.00101 ,0.00111 ,0.00099 ,0.00128 ,0.00081 ,0.00102 ,0.00113 ,0.00111 ,0.00203 ,0.00268 ,0.00545 ,0.00903 ,0.01577 ,0.02468 ,0.03623 ,0.04713 ,0.05463 ,0.05855 ,0.06118 ,0.06321 ,0.06400 ,0.06250 ,0.05800 ,0.05104 ,0.04363 ,0.03803 ,0.03384 ,0.03033 ,0.02811 ,0.02688 ,0.02563 ,0.02330 ,0.02053 ,0.01818 ,0.01679 ,0.01649 ,0.01563 ,0.01367 ,0.00996 ,0.00724 ,0.00572 ,0.00472 ,0.00288 ,0.00156 ,0.00169 ,0.00183 ,0.00201 ,0.00664 ,0.02071 ,0.04911 ,0.08615 ,0.12324 ,0.16327 ,0.20823 ,0.25072 ,0.28912 ,0.32283 ,0.35556 ,0.36946 ,0.37968 ,0.39053 ,0.38312 ,0.39130 ,0.37705 ,0.37615 ,0.36842 
'Elaeagnus pungens',2014/11/27,0.28571 ,0.25000 ,0.33333 ,0.50000 ,0.00000 ,0.00000 ,0.00000 ,0.05882 ,0.02174 ,0.02778 ,0.03043 ,0.03153 ,0.03362 ,0.03200 ,0.02979 ,0.02966 ,0.03254 ,0.03879 ,0.04406 ,0.04446 ,0.04061 ,0.04304 ,0.05100 ,0.06606 ,0.08571 ,0.11059 ,0.13621 ,0.16025 ,0.17920 ,0.19398 ,0.20461 ,0.21280 ,0.21996 ,0.22668 ,0.23111 ,0.23498 ,0.23692 ,0.24021 ,0.24410 ,0.24673 ,0.24866 ,0.25110 ,0.25211 ,0.25351 ,0.25558 ,0.25679 ,0.25738 ,0.25737 ,0.25722 ,0.25785 ,0.25783 ,0.25837 ,0.25911 ,0.25893 ,0.25573 ,0.25540 ,0.25472 ,0.25126 ,0.24806 ,0.24557 ,0.24404 ,0.24398 ,0.25221 ,0.25700 ,0.26330 ,0.26308 ,0.26585 ,0.26531 ,0.26877 ,0.26513 ,0.27211 ,0.26378 ,0.27556 ,0.27094 ,0.27273 ,0.27811 ,0.27273 ,0.27536 ,0.27869 ,0.27523 ,0.28421 
'Enkianthus perulatus',2014/11/5,0.14286 ,0.00000 ,0.00000 ,0.00000 ,0.00000 ,0.00000 ,0.00000 ,0.00000 ,0.00000 ,0.00000 ,0.00000 ,0.00225 ,0.00125 ,0.00145 ,0.00131 ,0.00101 ,0.00111 ,0.00099 ,0.00128 ,0.00081 ,0.00102 ,0.00113 ,0.00111 ,0.00102 ,0.00089 ,0.00078 ,0.00069 ,0.00126 ,0.00118 ,0.00111 ,0.00107 ,0.00104 ,0.00102 ,0.00100 ,0.00099 ,0.00098 ,0.00145 ,0.00145 ,0.00193 ,0.00194 ,0.00293 ,0.00441 ,0.00646 ,0.01054 ,0.01673 ,0.02460 ,0.03470 ,0.04579 ,0.05829 ,0.07151 ,0.08466 ,0.09877 ,0.10877 ,0.11189 ,0.10977 ,0.10928 ,0.10580 ,0.09215 ,0.07854 ,0.07089 ,0.06972 ,0.08835 ,0.14270 ,0.21315 ,0.27422 ,0.31231 ,0.33627 ,0.35306 ,0.37288 ,0.38329 ,0.39116 ,0.40551 ,0.40889 ,0.41379 ,0.40642 ,0.42604 ,0.42208 ,0.42029 ,0.41803 ,0.42202 ,0.42105 
'Euonymus chibae',2014/12/15,0.14286 ,0.00000 ,0.00000 ,0.00000 ,0.00000 ,0.00000 ,0.00000 ,0.00000 ,0.00000 ,0.00000 ,0.00000 ,0.00000 ,0.00000 ,0.00073 ,0.00088 ,0.00101 ,0.00111 ,0.00149 ,0.00128 ,0.00162 ,0.00102 ,0.00113 ,0.00222 ,0.00305 ,0.00446 ,0.00779 ,0.01459 ,0.02524 ,0.03937 ,0.05686 ,0.07124 ,0.08377 ,0.08961 ,0.09428 ,0.09728 ,0.09819 ,0.09593 ,0.08990 ,0.08040 ,0.07029 ,0.06241 ,0.05542 ,0.05122 ,0.04719 ,0.04462 ,0.04254 ,0.03936 ,0.03579 ,0.03262 ,0.03088 ,0.03024 ,0.02958 ,0.02449 ,0.01757 ,0.01146 ,0.00953 ,0.00809 ,0.00576 ,0.00389 ,0.00338 ,0.00459 ,0.00703 ,0.01991 ,0.05238 ,0.10641 ,0.16308 ,0.21655 ,0.26735 ,0.31719 ,0.36599 ,0.41497 ,0.45669 ,0.49778 ,0.51724 ,0.52406 ,0.52663 ,0.53247 ,0.51449 ,0.50820 ,0.49541 ,0.49474 
'Farfugium japonicum',2014/12/10,0.00000 ,0.00000 ,0.00000 ,0.00000 ,0.00000 ,0.00000 ,0.00000 ,0.00000 ,0.00000 ,0.00000 ,0.00000 ,0.00000 ,0.00000 ,0.00000 ,0.00044 ,0.00067 ,0.00074 ,0.00050 ,0.00064 ,0.00081 ,0.00102 ,0.00113 ,0.00111 ,0.00102 ,0.00179 ,0.00312 ,0.00556 ,0.01009 ,0.01586 ,0.02285 ,0.03053 ,0.03538 ,0.03870 ,0.04062 ,0.04198 ,0.04299 ,0.04215 ,0.04012 ,0.03563 ,0.03102 ,0.02779 ,0.02501 ,0.02287 ,0.02159 ,0.02079 ,0.01999 ,0.01813 ,0.01632 ,0.01444 ,0.01354 ,0.01319 ,0.01283 ,0.01139 ,0.00820 ,0.00603 ,0.00508 ,0.00404 ,0.00216 ,0.00156 ,0.00084 ,0.00092 ,0.00201 ,0.00553 ,0.01827 ,0.03956 ,0.06308 ,0.08451 ,0.11020 ,0.13559 ,0.15850 ,0.17687 ,0.19291 ,0.20889 ,0.21182 ,0.21925 ,0.21302 ,0.21429 ,0.21014 ,0.21311 ,0.20183 ,0.21053 
'Fatsia japonica',2014/9/17,0.00000 ,0.00000 ,0.00000 ,0.00000 ,0.00000 ,0.00000 ,0.00000 ,0.00000 ,0.00000 ,0.00000 ,0.00000 ,0.00000 ,0.00125 ,0.00073 ,0.00088 ,0.00135 ,0.00111 ,0.00149 ,0.00128 ,0.00162 ,0.00102 ,0.00113 ,0.00222 ,0.00203 ,0.00268 ,0.00312 ,0.00486 ,0.00820 ,0.01234 ,0.01728 ,0.02196 ,0.02549 ,0.02749 ,0.02808 ,0.02914 ,0.02931 ,0.02907 ,0.02658 ,0.02359 ,0.02036 ,0.01853 ,0.01618 ,0.01492 ,0.01406 ,0.01369 ,0.01281 ,0.01191 ,0.01053 ,0.00963 ,0.00921 ,0.00880 ,0.00837 ,0.00797 ,0.00644 ,0.00483 ,0.00445 ,0.00337 ,0.00288 ,0.00233 ,0.00169 ,0.00183 ,0.00201 ,0.00442 ,0.01218 ,0.02592 ,0.04462 ,0.06162 ,0.08367 ,0.10412 ,0.12968 ,0.14626 ,0.17323 ,0.18667 ,0.20690 ,0.20856 ,0.20710 ,0.21429 ,0.21014 ,0.20492 ,0.21101 ,0.20000 
'Gardenia jasminoides',2014/9/4,0.14286 ,0.00000 ,0.00000 ,0.00000 ,0.00000 ,0.00000 ,0.00000 ,0.00000 ,0.00000 ,0.00000 ,0.00000 ,0.00000 ,0.00000 ,0.00000 ,0.00044 ,0.00067 ,0.00111 ,0.00099 ,0.00128 ,0.00081 ,0.00102 ,0.00113 ,0.00222 ,0.00305 ,0.00536 ,0.00935 ,0.01598 ,0.02839 ,0.04348 ,0.06076 ,0.07499 ,0.08637 ,0.09165 ,0.09529 ,0.09679 ,0.09819 ,0.09593 ,0.09038 ,0.08185 ,0.07174 ,0.06290 ,0.05689 ,0.05221 ,0.04970 ,0.04767 ,0.04511 ,0.04091 ,0.03632 ,0.03262 ,0.02979 ,0.02914 ,0.02846 ,0.02563 ,0.01933 ,0.01387 ,0.01080 ,0.00809 ,0.00504 ,0.00233 ,0.00169 ,0.00183 ,0.00402 ,0.01217 ,0.03776 ,0.07640 ,0.11692 ,0.15141 ,0.18980 ,0.22034 ,0.24784 ,0.27551 ,0.29921 ,0.31556 ,0.32512 ,0.32620 ,0.33136 ,0.33117 ,0.32609 ,0.33607 ,0.32110 ,0.31579 
'Ginkgo biloba',2014/8/21,0.14286 ,0.00000 ,0.00000 ,0.00000 ,0.00000 ,0.00000 ,0.00000 ,0.00000 ,0.00000 ,0.00000 ,0.00000 ,0.00000 ,0.00000 ,0.00073 ,0.00044 ,0.00067 ,0.00074 ,0.00099 ,0.00064 ,0.00081 ,0.00102 ,0.00113 ,0.00111 ,0.00203 ,0.00268 ,0.00467 ,0.00834 ,0.01388 ,0.02174 ,0.03177 ,0.04071 ,0.04631 ,0.04990 ,0.05165 ,0.05333 ,0.05471 ,0.05329 ,0.04978 ,0.04478 ,0.03878 ,0.03364 ,0.03041 ,0.02785 ,0.02610 ,0.02535 ,0.02409 ,0.02227 ,0.01947 ,0.01711 ,0.01625 ,0.01539 ,0.01507 ,0.01367 ,0.01054 ,0.00784 ,0.00635 ,0.00472 ,0.00288 ,0.00156 ,0.00169 ,0.00092 ,0.00201 ,0.00664 ,0.01827 ,0.04366 ,0.07538 ,0.10915 ,0.15102 ,0.19613 ,0.23919 ,0.28231 ,0.32283 ,0.36000 ,0.38916 ,0.40107 ,0.40828 ,0.40260 ,0.42029 ,0.40164 ,0.39450 ,0.40000 
'Glechoma hederacea',2014/11/27,0.28571 ,0.25000 ,0.33333 ,0.00000 ,0.00000 ,0.00000 ,0.00000 ,0.00000 ,0.00000 ,0.00000 ,0.00000 ,0.00000 ,0.00000 ,0.00073 ,0.00088 ,0.00101 ,0.00111 ,0.00149 ,0.00128 ,0.00162 ,0.00203 ,0.00227 ,0.00222 ,0.00305 ,0.00446 ,0.00779 ,0.01390 ,0.02334 ,0.03760 ,0.05518 ,0.07070 ,0.08325 ,0.08910 ,0.09228 ,0.09481 ,0.09673 ,0.09399 ,0.08748 ,0.07752 ,0.06641 ,0.05656 ,0.05051 ,0.04625 ,0.04317 ,0.04108 ,0.03895 ,0.03521 ,0.03053 ,0.02727 ,0.02492 ,0.02419 ,0.02344 ,0.01993 ,0.01523 ,0.01086 ,0.00826 ,0.00674 ,0.00360 ,0.00233 ,0.00169 ,0.00183 ,0.00301 ,0.00996 ,0.03167 ,0.07094 ,0.12154 ,0.17430 ,0.22857 ,0.28329 ,0.33718 ,0.38095 ,0.41732 ,0.44889 ,0.47291 ,0.47594 ,0.47929 ,0.47403 ,0.47826 ,0.48361 ,0.45872 ,0.47368 
'Hedera helix',2014/11/5,0.14286 ,0.25000 ,0.00000 ,0.00000 ,0.00000 ,0.00000 ,0.00000 ,0.00000 ,0.00000 ,0.00926 ,0.01739 ,0.02027 ,0.02366 ,0.02473 ,0.02584 ,0.02730 ,0.03033 ,0.03531 ,0.03831 ,0.03719 ,0.03655 ,0.03964 ,0.04767 ,0.05996 ,0.07232 ,0.08489 ,0.09521 ,0.10347 ,0.11046 ,0.11538 ,0.11944 ,0.12279 ,0.12627 ,0.12989 ,0.13333 ,0.13581 ,0.13953 ,0.14403 ,0.14974 ,0.15463 ,0.16041 ,0.16479 ,0.16857 ,0.17319 ,0.17748 ,0.18042 ,0.18281 ,0.18632 ,0.18824 ,0.19068 ,0.19296 ,0.19531 ,0.19590 ,0.19742 ,0.19542 ,0.19632 ,0.19542 ,0.19294 ,0.19207 ,0.18903 ,0.18807 ,0.19378 ,0.20133 ,0.20706 ,0.20873 ,0.21077 ,0.21127 ,0.21429 ,0.21792 ,0.21902 ,0.21769 ,0.21654 ,0.21778 ,0.21182 ,0.21390 ,0.22485 ,0.21429 ,0.21739 ,0.21311 ,0.21101 ,0.22105 
'Helleborus',2014/12/9,0.14286 ,0.25000 ,0.00000 ,0.00000 ,0.00000 ,0.00000 ,0.00000 ,0.00000 ,0.00000 ,0.00926 ,0.01304 ,0.01351 ,0.01619 ,0.02036 ,0.02365 ,0.02562 ,0.02626 ,0.02735 ,0.02874 ,0.02910 ,0.03046 ,0.03284 ,0.03548 ,0.04065 ,0.04911 ,0.05997 ,0.07575 ,0.09653 ,0.11927 ,0.14270 ,0.16069 ,0.17482 ,0.18381 ,0.18957 ,0.19407 ,0.19736 ,0.19525 ,0.19236 ,0.18488 ,0.17499 ,0.16626 ,0.15988 ,0.15465 ,0.15110 ,0.14858 ,0.14505 ,0.13982 ,0.13368 ,0.12727 ,0.12405 ,0.12259 ,0.12165 ,0.11446 ,0.10135 ,0.08806 ,0.08259 ,0.07480 ,0.06263 ,0.05132 ,0.04641 ,0.04587 ,0.05522 ,0.08850 ,0.14007 ,0.19509 ,0.23692 ,0.27641 ,0.30612 ,0.33172 ,0.35447 ,0.37415 ,0.38976 ,0.40000 ,0.40887 ,0.40107 ,0.41420 ,0.40909 ,0.41304 ,0.40984 ,0.40367 ,0.40000 
'Hibiscus syriacus',2014/8/21,0.14286 ,0.00000 ,0.00000 ,0.00000 ,0.00000 ,0.00000 ,0.00000 ,0.00000 ,0.00000 ,0.00000 ,0.00000 ,0.00225 ,0.00125 ,0.00145 ,0.00175 ,0.00202 ,0.00222 ,0.00249 ,0.00255 ,0.00243 ,0.00305 ,0.00340 ,0.00333 ,0.00407 ,0.00536 ,0.00779 ,0.01181 ,0.01893 ,0.02879 ,0.04125 ,0.05249 ,0.06087 ,0.06517 ,0.06720 ,0.06864 ,0.06986 ,0.06783 ,0.06380 ,0.05633 ,0.04847 ,0.04242 ,0.03776 ,0.03431 ,0.03213 ,0.03144 ,0.02973 ,0.02693 ,0.02421 ,0.02139 ,0.02004 ,0.01924 ,0.01897 ,0.01708 ,0.01347 ,0.01086 ,0.00889 ,0.00741 ,0.00504 ,0.00389 ,0.00338 ,0.00367 ,0.00502 ,0.00996 ,0.02558 ,0.05457 ,0.09077 ,0.13204 ,0.17347 ,0.21792 ,0.26801 ,0.30612 ,0.34252 ,0.36889 ,0.39409 ,0.39572 ,0.40828 ,0.40260 ,0.41304 ,0.40164 ,0.38532 ,0.38947 
'Houttuynia cordata',2014/9/30,0.14286 ,0.00000 ,0.00000 ,0.00000 ,0.00000 ,0.00000 ,0.00000 ,0.00000 ,0.00000 ,0.00000 ,0.00435 ,0.00450 ,0.00374 ,0.00364 ,0.00438 ,0.00539 ,0.00592 ,0.00597 ,0.00639 ,0.00647 ,0.00711 ,0.00680 ,0.00776 ,0.01016 ,0.01339 ,0.01947 ,0.02919 ,0.04353 ,0.06110 ,0.08305 ,0.10177 ,0.11446 ,0.12169 ,0.12588 ,0.12840 ,0.12995 ,0.12742 ,0.12131 ,0.11074 ,0.09889 ,0.08874 ,0.08092 ,0.07558 ,0.07129 ,0.06947 ,0.06561 ,0.06111 ,0.05579 ,0.05080 ,0.04767 ,0.04673 ,0.04520 ,0.04043 ,0.03339 ,0.02533 ,0.02160 ,0.01819 ,0.01296 ,0.00933 ,0.00759 ,0.00734 ,0.01004 ,0.02323 ,0.05481 ,0.10505 ,0.15692 ,0.20951 ,0.25918 ,0.30751 ,0.35159 ,0.39456 ,0.42913 ,0.45333 ,0.47291 ,0.48128 ,0.48521 ,0.48052 ,0.47826 ,0.45902 ,0.45872 ,0.45263 
'Hydrangea macrophylla',2014/9/26,0.00000 ,0.00000 ,0.00000 ,0.00000 ,0.00000 ,0.00000 ,0.00000 ,0.00000 ,0.00000 ,0.00926 ,0.00435 ,0.00450 ,0.00498 ,0.00582 ,0.00745 ,0.00843 ,0.00925 ,0.00995 ,0.01022 ,0.01051 ,0.01117 ,0.01133 ,0.01220 ,0.01626 ,0.02143 ,0.03037 ,0.04448 ,0.06246 ,0.08461 ,0.10702 ,0.12480 ,0.13580 ,0.14257 ,0.14644 ,0.14963 ,0.15095 ,0.14874 ,0.14210 ,0.13288 ,0.12167 ,0.11165 ,0.10348 ,0.09846 ,0.09438 ,0.09178 ,0.08816 ,0.08389 ,0.07842 ,0.07219 ,0.06934 ,0.06762 ,0.06696 ,0.06036 ,0.05155 ,0.04041 ,0.03431 ,0.02965 ,0.02304 ,0.01711 ,0.01435 ,0.01376 ,0.01807 ,0.03982 ,0.08161 ,0.13506 ,0.18923 ,0.22887 ,0.26735 ,0.30266 ,0.32853 ,0.35714 ,0.38583 ,0.40444 ,0.41872 ,0.41176 ,0.40828 ,0.41558 ,0.41304 ,0.41803 ,0.39450 ,0.42105 
'Ilex cornuta',2014/12/15,0.14286 ,0.00000 ,0.00000 ,0.00000 ,0.00000 ,0.00000 ,0.00000 ,0.00000 ,0.00000 ,0.00000 ,0.00000 ,0.00000 ,0.00000 ,0.00000 ,0.00000 ,0.00000 ,0.00000 ,0.00000 ,0.00000 ,0.00000 ,0.00000 ,0.00000 ,0.00000 ,0.00000 ,0.00000 ,0.00000 ,0.00069 ,0.00189 ,0.00353 ,0.00613 ,0.00857 ,0.01041 ,0.01171 ,0.01204 ,0.01235 ,0.01270 ,0.01211 ,0.01112 ,0.00915 ,0.00727 ,0.00536 ,0.00490 ,0.00398 ,0.00351 ,0.00304 ,0.00308 ,0.00259 ,0.00211 ,0.00160 ,0.00163 ,0.00165 ,0.00112 ,0.00114 ,0.00059 ,0.00060 ,0.00000 ,0.00000 ,0.00000 ,0.00000 ,0.00000 ,0.00000 ,0.00000 ,0.00111 ,0.00244 ,0.00955 ,0.02154 ,0.03345 ,0.04898 ,0.06780 ,0.08646 ,0.10544 ,0.12205 ,0.13778 ,0.14778 ,0.14973 ,0.15385 ,0.16234 ,0.15942 ,0.15574 ,0.15596 ,0.14737 
'Ilex crenata',2014/12/10,0.00000 ,0.00000 ,0.00000 ,0.00000 ,0.00000 ,0.00000 ,0.00000 ,0.00000 ,0.00000 ,0.00000 ,0.00000 ,0.00000 ,0.00000 ,0.00000 ,0.00000 ,0.00000 ,0.00000 ,0.00000 ,0.00000 ,0.00000 ,0.00000 ,0.00000 ,0.00000 ,0.00000 ,0.00000 ,0.00078 ,0.00139 ,0.00442 ,0.00823 ,0.01449 ,0.02035 ,0.02445 ,0.02648 ,0.02758 ,0.02864 ,0.02931 ,0.02810 ,0.02513 ,0.02118 ,0.01697 ,0.01365 ,0.01128 ,0.00995 ,0.00904 ,0.00862 ,0.00769 ,0.00673 ,0.00526 ,0.00481 ,0.00433 ,0.00385 ,0.00391 ,0.00285 ,0.00176 ,0.00121 ,0.00064 ,0.00067 ,0.00000 ,0.00000 ,0.00000 ,0.00000 ,0.00000 ,0.00111 ,0.00731 ,0.02319 ,0.04923 ,0.07923 ,0.11429 ,0.15738 ,0.19597 ,0.23810 ,0.27953 ,0.31111 ,0.33498 ,0.35294 ,0.36095 ,0.35714 ,0.35507 ,0.36066 ,0.34862 ,0.33684 
'Ilex integra',2014/8/5,0.14286 ,0.00000 ,0.00000 ,0.00000 ,0.00000 ,0.00000 ,0.00000 ,0.00000 ,0.00000 ,0.00000 ,0.00000 ,0.00000 ,0.00000 ,0.00000 ,0.00000 ,0.00000 ,0.00000 ,0.00000 ,0.00000 ,0.00000 ,0.00000 ,0.00000 ,0.00000 ,0.00000 ,0.00000 ,0.00000 ,0.00069 ,0.00189 ,0.00411 ,0.00725 ,0.01018 ,0.01301 ,0.01426 ,0.01505 ,0.01580 ,0.01612 ,0.01550 ,0.01353 ,0.01156 ,0.00873 ,0.00683 ,0.00589 ,0.00497 ,0.00452 ,0.00406 ,0.00359 ,0.00311 ,0.00263 ,0.00214 ,0.00163 ,0.00165 ,0.00167 ,0.00114 ,0.00059 ,0.00060 ,0.00064 ,0.00000 ,0.00000 ,0.00000 ,0.00000 ,0.00000 ,0.00000 ,0.00111 ,0.00365 ,0.01501 ,0.03231 ,0.05458 ,0.08163 ,0.10896 ,0.14121 ,0.17007 ,0.19685 ,0.22222 ,0.24138 ,0.24599 ,0.25444 ,0.25325 ,0.25362 ,0.25410 ,0.24771 ,0.25263 
'Ilex latifolia',2014/12/15,0.14286 ,0.00000 ,0.00000 ,0.00000 ,0.00000 ,0.00000 ,0.00000 ,0.00000 ,0.00000 ,0.00000 ,0.00000 ,0.00000 ,0.00000 ,0.00000 ,0.00000 ,0.00000 ,0.00000 ,0.00000 ,0.00000 ,0.00000 ,0.00000 ,0.00000 ,0.00000 ,0.00000 ,0.00000 ,0.00078 ,0.00208 ,0.00379 ,0.00705 ,0.01059 ,0.01393 ,0.01613 ,0.01731 ,0.01755 ,0.01827 ,0.01808 ,0.01744 ,0.01643 ,0.01396 ,0.01163 ,0.00975 ,0.00834 ,0.00746 ,0.00653 ,0.00659 ,0.00615 ,0.00518 ,0.00421 ,0.00374 ,0.00325 ,0.00330 ,0.00335 ,0.00285 ,0.00176 ,0.00121 ,0.00064 ,0.00067 ,0.00072 ,0.00000 ,0.00000 ,0.00000 ,0.00000 ,0.00111 ,0.00609 ,0.01637 ,0.02923 ,0.04225 ,0.05510 ,0.06780 ,0.08069 ,0.09184 ,0.10630 ,0.11111 ,0.12315 ,0.12834 ,0.13018 ,0.12338 ,0.13043 ,0.12295 ,0.11927 ,0.12632 
'Impatiens walleriana',2014/11/27,0.14286 ,0.25000 ,0.33333 ,0.00000 ,0.00000 ,0.00000 ,0.00000 ,0.00000 ,0.00000 ,0.00000 ,0.00000 ,0.00000 ,0.00125 ,0.00073 ,0.00131 ,0.00169 ,0.00185 ,0.00199 ,0.00192 ,0.00243 ,0.00203 ,0.00227 ,0.00333 ,0.00407 ,0.00625 ,0.01012 ,0.01668 ,0.02839 ,0.04289 ,0.06076 ,0.07713 ,0.08897 ,0.09521 ,0.09880 ,0.10173 ,0.10259 ,0.09981 ,0.09377 ,0.08377 ,0.07368 ,0.06533 ,0.05787 ,0.05321 ,0.05020 ,0.04817 ,0.04562 ,0.04195 ,0.03737 ,0.03316 ,0.03142 ,0.03024 ,0.02958 ,0.02563 ,0.02050 ,0.01508 ,0.01207 ,0.00943 ,0.00648 ,0.00389 ,0.00253 ,0.00275 ,0.00502 ,0.01327 ,0.03898 ,0.07776 ,0.12615 ,0.17606 ,0.22449 ,0.27845 ,0.31988 ,0.36735 ,0.40157 ,0.43111 ,0.45320 ,0.45455 ,0.46154 ,0.46104 ,0.46377 ,0.45082 ,0.43119 ,0.45263 
'Ipomoea nil ',2014/9/4,0.14286 ,0.00000 ,0.00000 ,0.00000 ,0.00000 ,0.00000 ,0.00000 ,0.00000 ,0.00000 ,0.00926 ,0.00435 ,0.00450 ,0.00374 ,0.00509 ,0.00613 ,0.00775 ,0.00814 ,0.00845 ,0.00830 ,0.00889 ,0.00914 ,0.01019 ,0.01109 ,0.01423 ,0.01875 ,0.02804 ,0.04031 ,0.05868 ,0.07991 ,0.10312 ,0.12159 ,0.13476 ,0.14104 ,0.14594 ,0.14815 ,0.14998 ,0.14729 ,0.14113 ,0.13096 ,0.11924 ,0.10922 ,0.10152 ,0.09597 ,0.09137 ,0.08824 ,0.08560 ,0.08079 ,0.07421 ,0.06845 ,0.06555 ,0.06377 ,0.06306 ,0.05638 ,0.04745 ,0.03679 ,0.03240 ,0.02763 ,0.02088 ,0.01477 ,0.01181 ,0.01193 ,0.01707 ,0.03761 ,0.08161 ,0.13643 ,0.18769 ,0.23239 ,0.27551 ,0.31477 ,0.34582 ,0.38095 ,0.40551 ,0.43111 ,0.43350 ,0.44385 ,0.44379 ,0.44156 ,0.43478 ,0.44262 ,0.43119 ,0.42105 
'Lagerstroemia indica',2014/8/22,0.00000 ,0.00000 ,0.00000 ,0.00000 ,0.00000 ,0.00000 ,0.00000 ,0.00000 ,0.00000 ,0.00000 ,0.00000 ,0.00000 ,0.00000 ,0.00000 ,0.00000 ,0.00000 ,0.00000 ,0.00000 ,0.00000 ,0.00000 ,0.00000 ,0.00000 ,0.00000 ,0.00000 ,0.00089 ,0.00078 ,0.00278 ,0.00505 ,0.00999 ,0.01672 ,0.02303 ,0.02706 ,0.02953 ,0.03109 ,0.03210 ,0.03322 ,0.03198 ,0.02900 ,0.02504 ,0.02036 ,0.01658 ,0.01422 ,0.01243 ,0.01155 ,0.01065 ,0.00974 ,0.00880 ,0.00737 ,0.00588 ,0.00542 ,0.00495 ,0.00502 ,0.00399 ,0.00293 ,0.00181 ,0.00127 ,0.00067 ,0.00072 ,0.00000 ,0.00000 ,0.00000 ,0.00000 ,0.00221 ,0.00853 ,0.02729 ,0.05385 ,0.08803 ,0.12449 ,0.16465 ,0.20461 ,0.24490 ,0.27953 ,0.31111 ,0.32512 ,0.34225 ,0.34911 ,0.35714 ,0.34783 ,0.35246 ,0.33028 ,0.32632 
'Ligustrum lucidum',2014/11/27,0.28571 ,0.25000 ,0.33333 ,0.00000 ,0.00000 ,0.00000 ,0.00000 ,0.00000 ,0.00000 ,0.00000 ,0.00000 ,0.00000 ,0.00125 ,0.00073 ,0.00131 ,0.00202 ,0.00222 ,0.00249 ,0.00255 ,0.00243 ,0.00305 ,0.00340 ,0.00333 ,0.00508 ,0.00804 ,0.01324 ,0.02224 ,0.03533 ,0.05347 ,0.07358 ,0.09159 ,0.10354 ,0.10998 ,0.11334 ,0.11506 ,0.11676 ,0.11434 ,0.10826 ,0.09774 ,0.08677 ,0.07752 ,0.07062 ,0.06614 ,0.06225 ,0.06085 ,0.05843 ,0.05334 ,0.04789 ,0.04225 ,0.04009 ,0.03848 ,0.03795 ,0.03417 ,0.02812 ,0.02111 ,0.01715 ,0.01348 ,0.00792 ,0.00467 ,0.00338 ,0.00367 ,0.00602 ,0.01770 ,0.04872 ,0.10232 ,0.16000 ,0.22007 ,0.27551 ,0.32930 ,0.37464 ,0.42177 ,0.44882 ,0.48444 ,0.50246 ,0.50267 ,0.50888 ,0.50649 ,0.50725 ,0.50820 ,0.49541 ,0.49474 
'Ligustrum vulgare',2014/12/10,0.00000 ,0.00000 ,0.00000 ,0.00000 ,0.00000 ,0.00000 ,0.00000 ,0.00000 ,0.00000 ,0.00000 ,0.00000 ,0.00000 ,0.00000 ,0.00000 ,0.00000 ,0.00000 ,0.00000 ,0.00000 ,0.00000 ,0.00000 ,0.00000 ,0.00000 ,0.00000 ,0.00000 ,0.00000 ,0.00078 ,0.00208 ,0.00442 ,0.00881 ,0.01449 ,0.02089 ,0.02653 ,0.03055 ,0.03410 ,0.03654 ,0.03762 ,0.03731 ,0.03528 ,0.03130 ,0.02666 ,0.02292 ,0.02011 ,0.01840 ,0.01707 ,0.01673 ,0.01538 ,0.01346 ,0.01158 ,0.01016 ,0.00921 ,0.00880 ,0.00893 ,0.00740 ,0.00527 ,0.00362 ,0.00254 ,0.00202 ,0.00072 ,0.00078 ,0.00000 ,0.00000 ,0.00100 ,0.00332 ,0.01462 ,0.03820 ,0.06923 ,0.10387 ,0.13878 ,0.17676 ,0.21037 ,0.24150 ,0.27165 ,0.28444 ,0.30049 ,0.30481 ,0.30769 ,0.30519 ,0.30435 ,0.29508 ,0.29358 ,0.29474 
'Lithocarpus edulis',2014/8/19,0.14286 ,0.00000 ,0.00000 ,0.00000 ,0.00000 ,0.00000 ,0.00000 ,0.00000 ,0.02174 ,0.00926 ,0.01304 ,0.01351 ,0.01245 ,0.01455 ,0.01708 ,0.02022 ,0.02182 ,0.02287 ,0.02299 ,0.02344 ,0.02437 ,0.02605 ,0.02882 ,0.03354 ,0.04286 ,0.05607 ,0.07297 ,0.09527 ,0.11868 ,0.14103 ,0.15747 ,0.16857 ,0.17413 ,0.17803 ,0.18074 ,0.18222 ,0.18023 ,0.17593 ,0.16851 ,0.15851 ,0.15066 ,0.14370 ,0.13774 ,0.13454 ,0.13185 ,0.12916 ,0.12481 ,0.11789 ,0.11176 ,0.10834 ,0.10720 ,0.10491 ,0.09795 ,0.08553 ,0.07238 ,0.06607 ,0.05863 ,0.04752 ,0.03655 ,0.03207 ,0.03119 ,0.04116 ,0.07412 ,0.12546 ,0.17735 ,0.22000 ,0.24824 ,0.27143 ,0.29298 ,0.30836 ,0.31973 ,0.33071 ,0.34222 ,0.34975 ,0.35294 ,0.34911 ,0.34416 ,0.34783 ,0.34426 ,0.33945 ,0.34737 
'Litsea acuminata',2014/12/15,0.14286 ,0.00000 ,0.00000 ,0.00000 ,0.00000 ,0.00000 ,0.00000 ,0.00000 ,0.00000 ,0.00000 ,0.00435 ,0.00225 ,0.00249 ,0.00291 ,0.00350 ,0.00404 ,0.00444 ,0.00448 ,0.00447 ,0.00485 ,0.00508 ,0.00566 ,0.00554 ,0.00610 ,0.00804 ,0.01012 ,0.01459 ,0.02145 ,0.03055 ,0.04181 ,0.05035 ,0.05619 ,0.05855 ,0.06118 ,0.06272 ,0.06351 ,0.06250 ,0.05848 ,0.05200 ,0.04605 ,0.04047 ,0.03678 ,0.03431 ,0.03213 ,0.03093 ,0.02973 ,0.02796 ,0.02579 ,0.02406 ,0.02275 ,0.02199 ,0.02176 ,0.01993 ,0.01699 ,0.01387 ,0.01207 ,0.01078 ,0.00936 ,0.00778 ,0.00759 ,0.00734 ,0.00904 ,0.01549 ,0.03167 ,0.06139 ,0.10154 ,0.14261 ,0.18571 ,0.23002 ,0.27666 ,0.32313 ,0.37402 ,0.40889 ,0.43842 ,0.43850 ,0.45562 ,0.44805 ,0.45652 ,0.44262 ,0.43119 ,0.41053 
'Loropetalum chinense',2014/12/15,0.14286 ,0.00000 ,0.00000 ,0.00000 ,0.00000 ,0.00000 ,0.00000 ,0.00000 ,0.00000 ,0.00000 ,0.00435 ,0.00225 ,0.00249 ,0.00218 ,0.00263 ,0.00303 ,0.00296 ,0.00298 ,0.00319 ,0.00323 ,0.00305 ,0.00340 ,0.00333 ,0.00508 ,0.00625 ,0.00857 ,0.01320 ,0.02145 ,0.03290 ,0.04571 ,0.05785 ,0.06556 ,0.06976 ,0.07322 ,0.07506 ,0.07621 ,0.07510 ,0.07008 ,0.06259 ,0.05429 ,0.04778 ,0.04316 ,0.03978 ,0.03765 ,0.03600 ,0.03434 ,0.03159 ,0.02842 ,0.02567 ,0.02438 ,0.02364 ,0.02288 ,0.01993 ,0.01582 ,0.01206 ,0.01017 ,0.00876 ,0.00648 ,0.00467 ,0.00422 ,0.00459 ,0.00602 ,0.01327 ,0.03410 ,0.07094 ,0.11231 ,0.14965 ,0.18776 ,0.23002 ,0.27089 ,0.31633 ,0.35433 ,0.39111 ,0.41872 ,0.42781 ,0.43787 ,0.42857 ,0.42754 ,0.42623 ,0.40367 ,0.41053 
'Loropetalum chinense var. rubra',2014/9/26,0.00000 ,0.00000 ,0.00000 ,0.00000 ,0.00000 ,0.00000 ,0.00000 ,0.00000 ,0.00000 ,0.00000 ,0.00435 ,0.00225 ,0.00249 ,0.00291 ,0.00350 ,0.00404 ,0.00407 ,0.00398 ,0.00383 ,0.00323 ,0.00305 ,0.00340 ,0.00333 ,0.00305 ,0.00357 ,0.00312 ,0.00347 ,0.00379 ,0.00411 ,0.00390 ,0.00321 ,0.00312 ,0.00305 ,0.00301 ,0.00296 ,0.00293 ,0.00339 ,0.00387 ,0.00530 ,0.00679 ,0.00926 ,0.01324 ,0.01890 ,0.02560 ,0.03398 ,0.04203 ,0.04764 ,0.05105 ,0.05187 ,0.05309 ,0.05498 ,0.05692 ,0.05296 ,0.04628 ,0.03739 ,0.03367 ,0.02965 ,0.02232 ,0.01633 ,0.01266 ,0.01284 ,0.01807 ,0.04314 ,0.09866 ,0.16917 ,0.23077 ,0.28169 ,0.32857 ,0.37046 ,0.40922 ,0.44218 ,0.46850 ,0.48444 ,0.49754 ,0.51337 ,0.50296 ,0.50649 ,0.50000 ,0.50820 ,0.49541 ,0.49474 
'Microtropis japonica',2014/12/15,0.14286 ,0.00000 ,0.00000 ,0.00000 ,0.00000 ,0.00000 ,0.00000 ,0.00000 ,0.00000 ,0.00000 ,0.00000 ,0.00000 ,0.00000 ,0.00000 ,0.00000 ,0.00034 ,0.00037 ,0.00000 ,0.00000 ,0.00000 ,0.00000 ,0.00000 ,0.00000 ,0.00102 ,0.00089 ,0.00234 ,0.00417 ,0.00757 ,0.01293 ,0.01895 ,0.02464 ,0.02862 ,0.03055 ,0.03210 ,0.03309 ,0.03371 ,0.03295 ,0.03045 ,0.02696 ,0.02278 ,0.01950 ,0.01766 ,0.01591 ,0.01456 ,0.01369 ,0.01281 ,0.01191 ,0.01053 ,0.00909 ,0.00867 ,0.00825 ,0.00781 ,0.00683 ,0.00469 ,0.00302 ,0.00254 ,0.00135 ,0.00144 ,0.00078 ,0.00084 ,0.00092 ,0.00100 ,0.00442 ,0.01583 ,0.03820 ,0.06462 ,0.09155 ,0.12041 ,0.14770 ,0.17579 ,0.20748 ,0.23622 ,0.26222 ,0.28079 ,0.28877 ,0.29586 ,0.27922 ,0.28261 ,0.28689 ,0.27523 ,0.27368 
'Nerium oleander',2014/9/4,0.14286 ,0.00000 ,0.00000 ,0.00000 ,0.00000 ,0.00000 ,0.00000 ,0.00000 ,0.00000 ,0.00000 ,0.00000 ,0.00000 ,0.00000 ,0.00073 ,0.00044 ,0.00067 ,0.00074 ,0.00050 ,0.00064 ,0.00081 ,0.00102 ,0.00113 ,0.00111 ,0.00102 ,0.00179 ,0.00234 ,0.00347 ,0.00694 ,0.01175 ,0.01895 ,0.02571 ,0.03122 ,0.03411 ,0.03561 ,0.03704 ,0.03762 ,0.03634 ,0.03335 ,0.02841 ,0.02375 ,0.01950 ,0.01717 ,0.01542 ,0.01406 ,0.01369 ,0.01230 ,0.01088 ,0.00947 ,0.00802 ,0.00758 ,0.00715 ,0.00670 ,0.00569 ,0.00469 ,0.00302 ,0.00254 ,0.00202 ,0.00144 ,0.00078 ,0.00084 ,0.00092 ,0.00100 ,0.00332 ,0.00974 ,0.02865 ,0.05538 ,0.08627 ,0.12041 ,0.15738 ,0.19597 ,0.22789 ,0.25984 ,0.28444 ,0.30542 ,0.30481 ,0.30769 ,0.31818 ,0.30435 ,0.31148 ,0.29358 ,0.30526 
'Nyssa',2014/12/15,0.14286 ,0.25000 ,0.00000 ,0.00000 ,0.00000 ,0.00000 ,0.00000 ,0.00000 ,0.02174 ,0.01852 ,0.02174 ,0.02477 ,0.02740 ,0.02982 ,0.03154 ,0.03303 ,0.03439 ,0.03779 ,0.04215 ,0.04527 ,0.04772 ,0.04983 ,0.05211 ,0.05488 ,0.06071 ,0.06854 ,0.07992 ,0.09842 ,0.11810 ,0.13991 ,0.15908 ,0.17534 ,0.18890 ,0.20261 ,0.21580 ,0.22863 ,0.24079 ,0.25326 ,0.26577 ,0.27727 ,0.28815 ,0.29769 ,0.30731 ,0.31576 ,0.32353 ,0.32906 ,0.33454 ,0.34000 ,0.34278 ,0.34724 ,0.35184 ,0.35268 ,0.35023 ,0.34622 ,0.33474 ,0.33291 ,0.33221 ,0.32685 ,0.32193 ,0.31983 ,0.32385 ,0.34538 ,0.37279 ,0.39220 ,0.39700 ,0.40000 ,0.40669 ,0.41224 ,0.41646 ,0.41787 ,0.42177 ,0.42126 ,0.43111 ,0.42857 ,0.42781 ,0.43195 ,0.42857 ,0.43478 ,0.43443 ,0.43119 ,0.44211 
'Osmanthus heterophyllus',2014/12/9,0.14286 ,0.00000 ,0.00000 ,0.00000 ,0.00000 ,0.00000 ,0.00000 ,0.00000 ,0.00000 ,0.00000 ,0.00000 ,0.00000 ,0.00000 ,0.00000 ,0.00000 ,0.00000 ,0.00000 ,0.00000 ,0.00000 ,0.00000 ,0.00000 ,0.00000 ,0.00000 ,0.00000 ,0.00000 ,0.00078 ,0.00069 ,0.00189 ,0.00353 ,0.00613 ,0.00911 ,0.01197 ,0.01426 ,0.01555 ,0.01679 ,0.01759 ,0.01696 ,0.01547 ,0.01300 ,0.01018 ,0.00780 ,0.00638 ,0.00547 ,0.00552 ,0.00507 ,0.00461 ,0.00363 ,0.00316 ,0.00267 ,0.00217 ,0.00220 ,0.00223 ,0.00171 ,0.00117 ,0.00060 ,0.00064 ,0.00067 ,0.00072 ,0.00000 ,0.00000 ,0.00000 ,0.00000 ,0.00111 ,0.00365 ,0.01364 ,0.03077 ,0.05458 ,0.08367 ,0.11622 ,0.15274 ,0.18367 ,0.21654 ,0.24444 ,0.26601 ,0.27273 ,0.27811 ,0.27922 ,0.28261 ,0.27869 ,0.26606 ,0.26316 
'Osmanthus rigidus',2014/12/15,0.14286 ,0.00000 ,0.00000 ,0.00000 ,0.00000 ,0.00000 ,0.00000 ,0.00000 ,0.00000 ,0.00000 ,0.00000 ,0.00000 ,0.00000 ,0.00000 ,0.00000 ,0.00000 ,0.00000 ,0.00000 ,0.00000 ,0.00000 ,0.00000 ,0.00000 ,0.00000 ,0.00000 ,0.00089 ,0.00078 ,0.00208 ,0.00505 ,0.00940 ,0.01505 ,0.02089 ,0.02445 ,0.02648 ,0.02758 ,0.02864 ,0.02931 ,0.02810 ,0.02513 ,0.02167 ,0.01794 ,0.01463 ,0.01275 ,0.01144 ,0.01004 ,0.00963 ,0.00923 ,0.00777 ,0.00684 ,0.00588 ,0.00488 ,0.00495 ,0.00502 ,0.00399 ,0.00293 ,0.00181 ,0.00127 ,0.00067 ,0.00072 ,0.00000 ,0.00000 ,0.00000 ,0.00100 ,0.00221 ,0.00974 ,0.02592 ,0.04923 ,0.07394 ,0.10204 ,0.13317 ,0.16138 ,0.19048 ,0.22047 ,0.24444 ,0.26108 ,0.26203 ,0.27219 ,0.27273 ,0.26812 ,0.27049 ,0.26606 ,0.27368 
'Oxypetalum caeruleum',2014/12/15,0.14286 ,0.00000 ,0.00000 ,0.00000 ,0.00000 ,0.00000 ,0.00000 ,0.00000 ,0.00000 ,0.00000 ,0.00000 ,0.00000 ,0.00000 ,0.00000 ,0.00000 ,0.00000 ,0.00000 ,0.00000 ,0.00000 ,0.00000 ,0.00000 ,0.00000 ,0.00000 ,0.00000 ,0.00089 ,0.00156 ,0.00278 ,0.00505 ,0.00999 ,0.01672 ,0.02357 ,0.02914 ,0.03208 ,0.03410 ,0.03506 ,0.03615 ,0.03440 ,0.03142 ,0.02648 ,0.02133 ,0.01755 ,0.01520 ,0.01343 ,0.01205 ,0.01116 ,0.01076 ,0.00932 ,0.00789 ,0.00642 ,0.00596 ,0.00550 ,0.00558 ,0.00456 ,0.00351 ,0.00241 ,0.00191 ,0.00135 ,0.00072 ,0.00078 ,0.00084 ,0.00092 ,0.00100 ,0.00221 ,0.00974 ,0.02729 ,0.05538 ,0.08979 ,0.13265 ,0.18160 ,0.23343 ,0.28912 ,0.33465 ,0.37778 ,0.40887 ,0.42246 ,0.43195 ,0.42857 ,0.42754 ,0.40984 ,0.40367 ,0.40000 
'Parthenocissus tricuspidata',2014/11/5,0.14286 ,0.00000 ,0.00000 ,0.00000 ,0.00000 ,0.00000 ,0.00000 ,0.00000 ,0.00000 ,0.00926 ,0.00870 ,0.01126 ,0.01121 ,0.01309 ,0.01489 ,0.01685 ,0.01812 ,0.01939 ,0.01980 ,0.02021 ,0.02030 ,0.02039 ,0.02217 ,0.02439 ,0.02679 ,0.03037 ,0.03336 ,0.03659 ,0.03878 ,0.04069 ,0.04178 ,0.04266 ,0.04379 ,0.04413 ,0.04593 ,0.04739 ,0.05039 ,0.05365 ,0.05826 ,0.06253 ,0.06826 ,0.07406 ,0.08155 ,0.08886 ,0.09838 ,0.10559 ,0.11134 ,0.11474 ,0.11872 ,0.12189 ,0.12754 ,0.13225 ,0.13269 ,0.12654 ,0.11641 ,0.10737 ,0.09636 ,0.07775 ,0.06299 ,0.05570 ,0.05413 ,0.06627 ,0.10730 ,0.16322 ,0.21965 ,0.25846 ,0.28345 ,0.30408 ,0.32930 ,0.34294 ,0.36054 ,0.37008 ,0.38222 ,0.39409 ,0.38503 ,0.39053 ,0.38961 ,0.38406 ,0.38525 ,0.37615 ,0.37895 
'Photinia fraseri',2014/8/22,0.00000 ,0.00000 ,0.00000 ,0.00000 ,0.00000 ,0.00000 ,0.00000 ,0.00000 ,0.00000 ,0.00000 ,0.00000 ,0.00000 ,0.00000 ,0.00073 ,0.00088 ,0.00135 ,0.00148 ,0.00149 ,0.00128 ,0.00162 ,0.00203 ,0.00227 ,0.00222 ,0.00305 ,0.00446 ,0.00779 ,0.01320 ,0.02208 ,0.03408 ,0.04794 ,0.05999 ,0.06816 ,0.07281 ,0.07623 ,0.07901 ,0.08012 ,0.07897 ,0.07492 ,0.06885 ,0.06156 ,0.05510 ,0.05051 ,0.04724 ,0.04468 ,0.04361 ,0.04152 ,0.03884 ,0.03474 ,0.03155 ,0.02925 ,0.02859 ,0.02790 ,0.02506 ,0.01992 ,0.01508 ,0.01271 ,0.01011 ,0.00648 ,0.00389 ,0.00338 ,0.00275 ,0.00502 ,0.01327 ,0.03654 ,0.07094 ,0.10923 ,0.14437 ,0.17755 ,0.20823 ,0.23343 ,0.25850 ,0.27953 ,0.29333 ,0.30542 ,0.30481 ,0.30769 ,0.29870 ,0.30435 ,0.29508 ,0.29358 ,0.29474 
'Photinia serratifolia',2014/8/21,0.14286 ,0.00000 ,0.00000 ,0.00000 ,0.00000 ,0.00000 ,0.00000 ,0.00000 ,0.00000 ,0.00000 ,0.00000 ,0.00225 ,0.00249 ,0.00218 ,0.00263 ,0.00303 ,0.00333 ,0.00348 ,0.00383 ,0.00323 ,0.00406 ,0.00453 ,0.00443 ,0.00508 ,0.00625 ,0.00857 ,0.01181 ,0.01703 ,0.02409 ,0.03344 ,0.04124 ,0.04787 ,0.05143 ,0.05316 ,0.05531 ,0.05618 ,0.05523 ,0.05172 ,0.04670 ,0.04169 ,0.03657 ,0.03335 ,0.03083 ,0.02962 ,0.02840 ,0.02768 ,0.02589 ,0.02368 ,0.02193 ,0.02059 ,0.02034 ,0.02009 ,0.01765 ,0.01523 ,0.01206 ,0.01080 ,0.00943 ,0.00792 ,0.00622 ,0.00506 ,0.00459 ,0.00602 ,0.01217 ,0.02558 ,0.05048 ,0.08154 ,0.11620 ,0.15306 ,0.19370 ,0.23055 ,0.26531 ,0.29528 ,0.32444 ,0.33990 ,0.34225 ,0.35503 ,0.35714 ,0.36232 ,0.36066 ,0.35780 ,0.34737 
'Picrasma quassioides',2014/9/2,0.14286 ,0.00000 ,0.00000 ,0.00000 ,0.00000 ,0.00000 ,0.00000 ,0.00000 ,0.00000 ,0.00926 ,0.00435 ,0.00450 ,0.00623 ,0.00727 ,0.00832 ,0.00944 ,0.01036 ,0.01044 ,0.01086 ,0.01132 ,0.01218 ,0.01246 ,0.01330 ,0.01524 ,0.01964 ,0.02570 ,0.03405 ,0.04732 ,0.06345 ,0.08250 ,0.09748 ,0.10874 ,0.11456 ,0.11836 ,0.12198 ,0.12408 ,0.12306 ,0.11745 ,0.10833 ,0.09840 ,0.08971 ,0.08337 ,0.07857 ,0.07530 ,0.07353 ,0.07022 ,0.06680 ,0.06211 ,0.05829 ,0.05580 ,0.05498 ,0.05413 ,0.05011 ,0.04277 ,0.03559 ,0.03177 ,0.02898 ,0.02304 ,0.01866 ,0.01688 ,0.01651 ,0.02108 ,0.03650 ,0.06943 ,0.12005 ,0.17077 ,0.22359 ,0.26735 ,0.31477 ,0.36311 ,0.40816 ,0.44488 ,0.48889 ,0.50739 ,0.51872 ,0.52663 ,0.53247 ,0.51449 ,0.51639 ,0.50459 ,0.49474 
'Platanus',2014/12/1,0.00000 ,0.00000 ,0.00000 ,0.00000 ,0.00000 ,0.00000 ,0.00000 ,0.00000 ,0.00000 ,0.00000 ,0.00000 ,0.00000 ,0.00000 ,0.00073 ,0.00044 ,0.00067 ,0.00074 ,0.00099 ,0.00128 ,0.00162 ,0.00203 ,0.00227 ,0.00222 ,0.00305 ,0.00357 ,0.00467 ,0.00556 ,0.00694 ,0.00881 ,0.01003 ,0.01232 ,0.01405 ,0.01680 ,0.01956 ,0.02222 ,0.02540 ,0.02907 ,0.03287 ,0.03659 ,0.04023 ,0.04437 ,0.04855 ,0.05321 ,0.05823 ,0.06288 ,0.06817 ,0.07302 ,0.07895 ,0.08503 ,0.08992 ,0.09511 ,0.09989 ,0.10535 ,0.11013 ,0.11339 ,0.11881 ,0.12399 ,0.12743 ,0.13142 ,0.13586 ,0.13945 ,0.14357 ,0.15044 ,0.15469 ,0.15825 ,0.16154 ,0.16549 ,0.17143 ,0.17676 ,0.18156 ,0.18707 ,0.18504 ,0.19111 ,0.19704 ,0.19786 ,0.20118 ,0.20779 ,0.21739 ,0.21311 ,0.22018 ,0.22105 
'Platanus acerifolia',2014/8/22,0.00000 ,0.00000 ,0.00000 ,0.00000 ,0.00000 ,0.00000 ,0.00000 ,0.00000 ,0.00000 ,0.00000 ,0.00435 ,0.00450 ,0.00498 ,0.00509 ,0.00613 ,0.00674 ,0.00703 ,0.00696 ,0.00702 ,0.00728 ,0.00711 ,0.00793 ,0.00887 ,0.01016 ,0.01161 ,0.01324 ,0.01737 ,0.02334 ,0.03173 ,0.04069 ,0.04928 ,0.05515 ,0.05804 ,0.05968 ,0.06123 ,0.06155 ,0.06056 ,0.05752 ,0.05248 ,0.04702 ,0.04242 ,0.03973 ,0.03680 ,0.03564 ,0.03448 ,0.03332 ,0.03159 ,0.02947 ,0.02727 ,0.02600 ,0.02584 ,0.02511 ,0.02335 ,0.02050 ,0.01749 ,0.01588 ,0.01415 ,0.01224 ,0.01089 ,0.00928 ,0.00917 ,0.01104 ,0.01659 ,0.03045 ,0.05457 ,0.08154 ,0.11092 ,0.13673 ,0.16465 ,0.19308 ,0.21769 ,0.23228 ,0.24889 ,0.25616 ,0.25668 ,0.26036 ,0.26623 ,0.26087 ,0.25410 ,0.24771 ,0.25263 
'Prunus mume',2014/8/19,0.14286 ,0.25000 ,0.00000 ,0.00000 ,0.00000 ,0.00000 ,0.00000 ,0.00000 ,0.02174 ,0.01852 ,0.01304 ,0.01351 ,0.01245 ,0.01382 ,0.01533 ,0.01786 ,0.01886 ,0.01939 ,0.01916 ,0.01940 ,0.02030 ,0.02152 ,0.02217 ,0.02541 ,0.03036 ,0.03894 ,0.05073 ,0.06814 ,0.09107 ,0.11538 ,0.13605 ,0.14932 ,0.15631 ,0.16098 ,0.16296 ,0.16512 ,0.16231 ,0.15515 ,0.14348 ,0.13039 ,0.11897 ,0.11084 ,0.10443 ,0.09990 ,0.09736 ,0.09431 ,0.08907 ,0.08316 ,0.07754 ,0.07367 ,0.07202 ,0.07087 ,0.06435 ,0.05565 ,0.04644 ,0.04130 ,0.03706 ,0.03024 ,0.02488 ,0.02194 ,0.02110 ,0.02610 ,0.04425 ,0.08404 ,0.14052 ,0.19846 ,0.25704 ,0.31429 ,0.37288 ,0.42651 ,0.47279 ,0.50787 ,0.54667 ,0.57143 ,0.56684 ,0.57988 ,0.57143 ,0.57246 ,0.56557 ,0.55046 ,0.55789 
'Prunus yedoensis',2014/9/2,0.14286 ,0.00000 ,0.00000 ,0.00000 ,0.00000 ,0.00000 ,0.00000 ,0.00000 ,0.00000 ,0.00926 ,0.00870 ,0.00676 ,0.00747 ,0.00727 ,0.00876 ,0.00977 ,0.00999 ,0.00995 ,0.01022 ,0.01051 ,0.01117 ,0.01133 ,0.01220 ,0.01423 ,0.01696 ,0.02103 ,0.02780 ,0.03785 ,0.05112 ,0.06633 ,0.07981 ,0.08897 ,0.09369 ,0.09779 ,0.10025 ,0.10259 ,0.10078 ,0.09667 ,0.08907 ,0.08047 ,0.07362 ,0.06817 ,0.06415 ,0.06074 ,0.05933 ,0.05741 ,0.05438 ,0.05105 ,0.04759 ,0.04550 ,0.04508 ,0.04408 ,0.03986 ,0.03339 ,0.02835 ,0.02541 ,0.02358 ,0.01944 ,0.01633 ,0.01435 ,0.01468 ,0.01807 ,0.03097 ,0.05847 ,0.10232 ,0.14615 ,0.19190 ,0.23469 ,0.28329 ,0.32565 ,0.36735 ,0.39764 ,0.42667 ,0.44828 ,0.45455 ,0.44970 ,0.44805 ,0.44203 ,0.44262 ,0.44037 ,0.42105 
'Pueraria montana',2014/9/9,0.14286 ,0.00000 ,0.00000 ,0.00000 ,0.00000 ,0.00000 ,0.00000 ,0.00000 ,0.02174 ,0.01852 ,0.02174 ,0.02027 ,0.02117 ,0.02400 ,0.02847 ,0.03168 ,0.03328 ,0.03381 ,0.03448 ,0.03476 ,0.03655 ,0.03851 ,0.04102 ,0.04776 ,0.05714 ,0.07243 ,0.09173 ,0.12050 ,0.14924 ,0.17837 ,0.20032 ,0.21540 ,0.22352 ,0.22818 ,0.23160 ,0.23302 ,0.23062 ,0.22281 ,0.21184 ,0.19777 ,0.18528 ,0.17607 ,0.16907 ,0.16365 ,0.16126 ,0.15582 ,0.15070 ,0.14211 ,0.13476 ,0.13001 ,0.12809 ,0.12667 ,0.11959 ,0.10545 ,0.09107 ,0.08259 ,0.07480 ,0.06192 ,0.04977 ,0.04388 ,0.04312 ,0.05422 ,0.08850 ,0.14738 ,0.21419 ,0.26769 ,0.31338 ,0.35306 ,0.38741 ,0.41210 ,0.43878 ,0.46457 ,0.47556 ,0.48768 ,0.49198 ,0.49112 ,0.48701 ,0.48551 ,0.48361 ,0.45872 ,0.46316 
'Quercus myrsinifolia',2014/8/19,0.00000 ,0.00000 ,0.00000 ,0.00000 ,0.00000 ,0.00000 ,0.00000 ,0.00000 ,0.00000 ,0.00000 ,0.00435 ,0.00225 ,0.00249 ,0.00364 ,0.00394 ,0.00438 ,0.00481 ,0.00497 ,0.00511 ,0.00566 ,0.00609 ,0.00566 ,0.00665 ,0.00711 ,0.00804 ,0.01012 ,0.01251 ,0.01640 ,0.02233 ,0.02954 ,0.03642 ,0.04110 ,0.04430 ,0.04564 ,0.04741 ,0.04787 ,0.04700 ,0.04398 ,0.03996 ,0.03490 ,0.03120 ,0.02894 ,0.02685 ,0.02610 ,0.02586 ,0.02460 ,0.02330 ,0.02158 ,0.02032 ,0.01950 ,0.01924 ,0.01897 ,0.01765 ,0.01640 ,0.01448 ,0.01334 ,0.01213 ,0.01008 ,0.00855 ,0.00759 ,0.00734 ,0.00904 ,0.01327 ,0.02314 ,0.04366 ,0.07077 ,0.10387 ,0.14082 ,0.18160 ,0.22478 ,0.26871 ,0.30709 ,0.34667 ,0.36946 ,0.38503 ,0.39053 ,0.39610 ,0.39130 ,0.40164 ,0.39450 ,0.37895 
'Rhaphiolepis indica',2014/12/15,0.14286 ,0.00000 ,0.00000 ,0.00000 ,0.00000 ,0.00000 ,0.00000 ,0.00000 ,0.00000 ,0.00000 ,0.00000 ,0.00000 ,0.00000 ,0.00073 ,0.00044 ,0.00067 ,0.00074 ,0.00050 ,0.00064 ,0.00081 ,0.00102 ,0.00113 ,0.00111 ,0.00102 ,0.00179 ,0.00156 ,0.00278 ,0.00442 ,0.00764 ,0.01171 ,0.01553 ,0.01873 ,0.02037 ,0.02156 ,0.02222 ,0.02247 ,0.02180 ,0.01982 ,0.01733 ,0.01454 ,0.01219 ,0.01079 ,0.00945 ,0.00904 ,0.00862 ,0.00820 ,0.00725 ,0.00632 ,0.00535 ,0.00542 ,0.00495 ,0.00502 ,0.00456 ,0.00351 ,0.00302 ,0.00254 ,0.00202 ,0.00144 ,0.00156 ,0.00084 ,0.00092 ,0.00201 ,0.00332 ,0.00853 ,0.01910 ,0.03846 ,0.06162 ,0.08571 ,0.11622 ,0.14986 ,0.18367 ,0.21260 ,0.24444 ,0.26601 ,0.27273 ,0.27811 ,0.28571 ,0.27536 ,0.28689 ,0.27523 ,0.27368 
'Rhaphiolepis umbellata',2014/9/26,0.00000 ,0.00000 ,0.00000 ,0.00000 ,0.00000 ,0.00000 ,0.00000 ,0.00000 ,0.00000 ,0.00000 ,0.00000 ,0.00225 ,0.00125 ,0.00145 ,0.00175 ,0.00202 ,0.00222 ,0.00249 ,0.00255 ,0.00243 ,0.00203 ,0.00227 ,0.00333 ,0.00407 ,0.00446 ,0.00623 ,0.00903 ,0.01451 ,0.02233 ,0.03122 ,0.03964 ,0.04527 ,0.04837 ,0.04965 ,0.05086 ,0.05129 ,0.05039 ,0.04688 ,0.04189 ,0.03587 ,0.03120 ,0.02845 ,0.02636 ,0.02460 ,0.02383 ,0.02255 ,0.02071 ,0.01842 ,0.01658 ,0.01571 ,0.01484 ,0.01451 ,0.01310 ,0.01054 ,0.00844 ,0.00699 ,0.00606 ,0.00432 ,0.00389 ,0.00338 ,0.00275 ,0.00402 ,0.00774 ,0.02071 ,0.04366 ,0.07231 ,0.10035 ,0.13265 ,0.16465 ,0.19597 ,0.23129 ,0.25197 ,0.27111 ,0.28571 ,0.29412 ,0.30178 ,0.29221 ,0.28261 ,0.27869 ,0.29358 ,0.28421 
'Robinia pseudoacacia',2014/12/10,0.00000 ,0.00000 ,0.00000 ,0.00000 ,0.00000 ,0.00000 ,0.00000 ,0.00000 ,0.02174 ,0.00926 ,0.01304 ,0.01126 ,0.01245 ,0.01382 ,0.01533 ,0.01651 ,0.01738 ,0.01740 ,0.01724 ,0.01778 ,0.01827 ,0.01925 ,0.02106 ,0.02337 ,0.02768 ,0.03505 ,0.04587 ,0.06309 ,0.08578 ,0.11148 ,0.13390 ,0.14932 ,0.15835 ,0.16349 ,0.16889 ,0.17049 ,0.16860 ,0.15998 ,0.14829 ,0.13379 ,0.12189 ,0.11280 ,0.10691 ,0.10241 ,0.09939 ,0.09585 ,0.09063 ,0.08368 ,0.07754 ,0.07367 ,0.07257 ,0.07143 ,0.06606 ,0.05682 ,0.04765 ,0.04257 ,0.03841 ,0.03096 ,0.02566 ,0.02278 ,0.02294 ,0.02711 ,0.04757 ,0.09013 ,0.15007 ,0.21385 ,0.27113 ,0.32245 ,0.38015 ,0.43228 ,0.48299 ,0.51575 ,0.55111 ,0.57143 ,0.57754 ,0.59172 ,0.58442 ,0.57246 ,0.56557 ,0.55963 ,0.55789 
'Rumex acetosa',2014/11/27,0.28571 ,0.25000 ,0.33333 ,0.50000 ,0.00000 ,0.00000 ,0.00000 ,0.00000 ,0.02174 ,0.01852 ,0.01304 ,0.01351 ,0.01245 ,0.01527 ,0.01883 ,0.02292 ,0.02478 ,0.02636 ,0.02682 ,0.02749 ,0.02843 ,0.03058 ,0.03326 ,0.04065 ,0.05000 ,0.06620 ,0.08548 ,0.11167 ,0.13807 ,0.16444 ,0.18479 ,0.19875 ,0.20570 ,0.21013 ,0.21333 ,0.21544 ,0.21269 ,0.20735 ,0.19740 ,0.18614 ,0.17552 ,0.16724 ,0.16161 ,0.15713 ,0.15467 ,0.15120 ,0.14500 ,0.13632 ,0.12888 ,0.12405 ,0.12314 ,0.12109 ,0.11446 ,0.10076 ,0.08745 ,0.07751 ,0.06806 ,0.05184 ,0.03810 ,0.03122 ,0.02936 ,0.03815 ,0.07412 ,0.13155 ,0.18963 ,0.23538 ,0.27465 ,0.31224 ,0.34140 ,0.36888 ,0.39116 ,0.40551 ,0.42222 ,0.43842 ,0.43316 ,0.43195 ,0.42857 ,0.42754 ,0.43443 ,0.42202 ,0.43158 
'Sambucus sieboldiana',2014/8/22,0.00000 ,0.00000 ,0.00000 ,0.00000 ,0.00000 ,0.00000 ,0.00000 ,0.00000 ,0.00000 ,0.00000 ,0.00000 ,0.00000 ,0.00000 ,0.00073 ,0.00088 ,0.00101 ,0.00111 ,0.00099 ,0.00128 ,0.00081 ,0.00102 ,0.00113 ,0.00111 ,0.00203 ,0.00268 ,0.00467 ,0.00903 ,0.01577 ,0.02585 ,0.03790 ,0.04821 ,0.05515 ,0.05957 ,0.06118 ,0.06321 ,0.06351 ,0.06202 ,0.05752 ,0.05055 ,0.04314 ,0.03754 ,0.03335 ,0.02984 ,0.02761 ,0.02637 ,0.02460 ,0.02279 ,0.02053 ,0.01818 ,0.01679 ,0.01649 ,0.01563 ,0.01310 ,0.00937 ,0.00663 ,0.00508 ,0.00472 ,0.00288 ,0.00233 ,0.00169 ,0.00183 ,0.00301 ,0.00664 ,0.02314 ,0.05457 ,0.09385 ,0.13556 ,0.17755 ,0.22518 ,0.27378 ,0.31293 ,0.35039 ,0.38667 ,0.40887 ,0.41176 ,0.42604 ,0.42208 ,0.42754 ,0.42623 ,0.41284 ,0.41053 
'Schefflera arboricola',2014/11/27,0.28571 ,0.25000 ,0.33333 ,0.50000 ,0.00000 ,0.00000 ,0.00000 ,0.00000 ,0.02174 ,0.01852 ,0.01739 ,0.01802 ,0.01993 ,0.02036 ,0.02059 ,0.02191 ,0.02330 ,0.02586 ,0.02746 ,0.02749 ,0.02640 ,0.02831 ,0.03215 ,0.03862 ,0.04643 ,0.05530 ,0.06463 ,0.07445 ,0.08343 ,0.09197 ,0.09695 ,0.10042 ,0.10387 ,0.10582 ,0.10765 ,0.10796 ,0.10853 ,0.10778 ,0.10640 ,0.10519 ,0.10336 ,0.10201 ,0.10094 ,0.09990 ,0.10041 ,0.09892 ,0.09736 ,0.09474 ,0.09305 ,0.09209 ,0.09126 ,0.08929 ,0.08827 ,0.08553 ,0.08082 ,0.07814 ,0.07345 ,0.06623 ,0.05832 ,0.05401 ,0.05321 ,0.05924 ,0.07522 ,0.09135 ,0.10505 ,0.11538 ,0.11972 ,0.12449 ,0.12833 ,0.12968 ,0.13265 ,0.13386 ,0.13333 ,0.13793 ,0.13369 ,0.14201 ,0.14286 ,0.13768 ,0.13934 ,0.13761 ,0.14737 
'Staphylea',2014/12/10,0.00000 ,0.00000 ,0.00000 ,0.00000 ,0.00000 ,0.00000 ,0.00000 ,0.00000 ,0.00000 ,0.00000 ,0.00435 ,0.00450 ,0.00374 ,0.00436 ,0.00482 ,0.00573 ,0.00592 ,0.00597 ,0.00575 ,0.00566 ,0.00609 ,0.00566 ,0.00665 ,0.00711 ,0.00804 ,0.00935 ,0.01181 ,0.01577 ,0.01939 ,0.02285 ,0.02625 ,0.02758 ,0.02851 ,0.02909 ,0.02963 ,0.03078 ,0.03101 ,0.03190 ,0.03226 ,0.03345 ,0.03510 ,0.03825 ,0.04227 ,0.04719 ,0.05274 ,0.05741 ,0.06007 ,0.06158 ,0.06203 ,0.06338 ,0.06597 ,0.06864 ,0.06549 ,0.05800 ,0.04885 ,0.04384 ,0.03908 ,0.03024 ,0.02255 ,0.01857 ,0.01743 ,0.02410 ,0.05088 ,0.10475 ,0.17326 ,0.23692 ,0.28873 ,0.33469 ,0.38499 ,0.42363 ,0.46259 ,0.49606 ,0.52444 ,0.53202 ,0.54011 ,0.55030 ,0.55195 ,0.54348 ,0.54098 ,0.52294 ,0.52632 
'Swida macrophylla',2014/8/5,0.14286 ,0.00000 ,0.00000 ,0.00000 ,0.00000 ,0.00000 ,0.00000 ,0.00000 ,0.00000 ,0.00000 ,0.00435 ,0.00450 ,0.00374 ,0.00436 ,0.00482 ,0.00573 ,0.00592 ,0.00597 ,0.00639 ,0.00647 ,0.00711 ,0.00680 ,0.00776 ,0.00813 ,0.01071 ,0.01480 ,0.02015 ,0.02902 ,0.03878 ,0.05017 ,0.05999 ,0.06556 ,0.06874 ,0.07071 ,0.07160 ,0.07230 ,0.07122 ,0.06767 ,0.06259 ,0.05623 ,0.05119 ,0.04708 ,0.04475 ,0.04267 ,0.04158 ,0.03998 ,0.03832 ,0.03579 ,0.03262 ,0.03142 ,0.03079 ,0.03013 ,0.02733 ,0.02285 ,0.01809 ,0.01652 ,0.01415 ,0.01152 ,0.00933 ,0.00759 ,0.00734 ,0.01004 ,0.01881 ,0.03898 ,0.06685 ,0.09538 ,0.12148 ,0.14694 ,0.16949 ,0.19597 ,0.21769 ,0.24016 ,0.25778 ,0.27094 ,0.27273 ,0.27811 ,0.27273 ,0.26812 ,0.27049 ,0.26606 ,0.26316 
'Ternstroemia gymnanthera',2014/12/15,0.14286 ,0.00000 ,0.00000 ,0.00000 ,0.00000 ,0.00000 ,0.00000 ,0.00000 ,0.00000 ,0.00000 ,0.00000 ,0.00000 ,0.00125 ,0.00073 ,0.00131 ,0.00135 ,0.00148 ,0.00149 ,0.00128 ,0.00162 ,0.00203 ,0.00113 ,0.00222 ,0.00203 ,0.00268 ,0.00389 ,0.00625 ,0.01073 ,0.01704 ,0.02508 ,0.03267 ,0.03850 ,0.04175 ,0.04363 ,0.04593 ,0.04641 ,0.04554 ,0.04253 ,0.03804 ,0.03296 ,0.02828 ,0.02550 ,0.02337 ,0.02159 ,0.02079 ,0.01948 ,0.01813 ,0.01632 ,0.01497 ,0.01408 ,0.01374 ,0.01339 ,0.01139 ,0.00820 ,0.00603 ,0.00508 ,0.00472 ,0.00360 ,0.00233 ,0.00253 ,0.00275 ,0.00301 ,0.00774 ,0.02192 ,0.04775 ,0.08000 ,0.11444 ,0.15102 ,0.18886 ,0.22190 ,0.25850 ,0.28346 ,0.32000 ,0.33498 ,0.34225 ,0.34911 ,0.35065 ,0.34058 ,0.34426 ,0.33945 ,0.33684 
'Trachycarpus fortunei',2014/9/9,0.00000 ,0.00000 ,0.00000 ,0.00000 ,0.00000 ,0.00000 ,0.00000 ,0.00000 ,0.00000 ,0.00000 ,0.00000 ,0.00000 ,0.00125 ,0.00073 ,0.00088 ,0.00101 ,0.00111 ,0.00099 ,0.00128 ,0.00081 ,0.00102 ,0.00113 ,0.00111 ,0.00102 ,0.00179 ,0.00234 ,0.00278 ,0.00379 ,0.00529 ,0.00725 ,0.00964 ,0.01145 ,0.01273 ,0.01304 ,0.01383 ,0.01368 ,0.01357 ,0.01208 ,0.01059 ,0.00873 ,0.00731 ,0.00638 ,0.00597 ,0.00552 ,0.00558 ,0.00513 ,0.00518 ,0.00421 ,0.00428 ,0.00379 ,0.00385 ,0.00391 ,0.00342 ,0.00293 ,0.00302 ,0.00254 ,0.00270 ,0.00216 ,0.00156 ,0.00169 ,0.00183 ,0.00201 ,0.00332 ,0.00487 ,0.01228 ,0.02769 ,0.05106 ,0.08163 ,0.12107 ,0.17003 ,0.22449 ,0.27953 ,0.33333 ,0.37931 ,0.40642 ,0.42604 ,0.42857 ,0.42754 ,0.42623 ,0.41284 ,0.41053 
'Trifolium repens',2014/9/30,0.14286 ,0.00000 ,0.00000 ,0.00000 ,0.00000 ,0.00000 ,0.00000 ,0.00000 ,0.00000 ,0.00000 ,0.00000 ,0.00000 ,0.00000 ,0.00073 ,0.00088 ,0.00101 ,0.00111 ,0.00099 ,0.00128 ,0.00162 ,0.00102 ,0.00113 ,0.00222 ,0.00305 ,0.00357 ,0.00701 ,0.01251 ,0.02271 ,0.03702 ,0.05518 ,0.07124 ,0.08377 ,0.09063 ,0.09428 ,0.09679 ,0.09819 ,0.09545 ,0.08893 ,0.07944 ,0.06786 ,0.05900 ,0.05199 ,0.04674 ,0.04367 ,0.04158 ,0.03998 ,0.03573 ,0.03158 ,0.02727 ,0.02492 ,0.02364 ,0.02344 ,0.02050 ,0.01582 ,0.01086 ,0.00826 ,0.00606 ,0.00432 ,0.00233 ,0.00169 ,0.00183 ,0.00301 ,0.00885 ,0.03045 ,0.07231 ,0.12462 ,0.18310 ,0.24082 ,0.30024 ,0.35447 ,0.40816 ,0.44882 ,0.48889 ,0.51232 ,0.51337 ,0.52663 ,0.51948 ,0.50725 ,0.51639 ,0.50459 ,0.49474 
'Zanthoxylum piperitum',2014/12/10,0.14286 ,0.00000 ,0.00000 ,0.00000 ,0.00000 ,0.00000 ,0.00000 ,0.00000 ,0.02174 ,0.02778 ,0.02609 ,0.02703 ,0.02615 ,0.02909 ,0.03110 ,0.03303 ,0.03476 ,0.03680 ,0.03895 ,0.04042 ,0.04162 ,0.04304 ,0.04545 ,0.05183 ,0.06161 ,0.07710 ,0.09868 ,0.12681 ,0.15687 ,0.18618 ,0.20996 ,0.22581 ,0.23727 ,0.24473 ,0.25235 ,0.25696 ,0.25921 ,0.25665 ,0.25132 ,0.24382 ,0.23598 ,0.22952 ,0.22427 ,0.22088 ,0.21856 ,0.21630 ,0.21129 ,0.20421 ,0.19786 ,0.19339 ,0.19241 ,0.19085 ,0.17995 ,0.16227 ,0.14234 ,0.13278 ,0.12197 ,0.10583 ,0.08942 ,0.08354 ,0.08257 ,0.10141 ,0.15265 ,0.22655 ,0.29741 ,0.34769 ,0.38556 ,0.40816 ,0.43099 ,0.44380 ,0.45918 ,0.47638 ,0.48000 ,0.48768 ,0.48128 ,0.49112 ,0.48701 ,0.47826 ,0.46721 ,0.47706 ,0.46316 
'Ziziphus',2014/9/4,0.14286 ,0.00000 ,0.00000 ,0.00000 ,0.00000 ,0.00000 ,0.00000 ,0.00000 ,0.00000 ,0.00000 ,0.00435 ,0.00450 ,0.00374 ,0.00436 ,0.00482 ,0.00539 ,0.00592 ,0.00646 ,0.00639 ,0.00647 ,0.00711 ,0.00680 ,0.00776 ,0.00813 ,0.00893 ,0.01168 ,0.01459 ,0.02019 ,0.02879 ,0.04013 ,0.05088 ,0.05827 ,0.06314 ,0.06570 ,0.06765 ,0.06839 ,0.06638 ,0.06187 ,0.05441 ,0.04702 ,0.04047 ,0.03629 ,0.03381 ,0.03213 ,0.03144 ,0.02973 ,0.02745 ,0.02474 ,0.02246 ,0.02113 ,0.02089 ,0.02065 ,0.01879 ,0.01699 ,0.01448 ,0.01334 ,0.01213 ,0.00936 ,0.00778 ,0.00759 ,0.00734 ,0.00803 ,0.01327 ,0.02558 ,0.05184 ,0.09077 ,0.13732 ,0.18776 ,0.24213 ,0.30259 ,0.35714 ,0.40551 ,0.44889 ,0.47291 ,0.47594 ,0.50296 ,0.49351 ,0.50725 ,0.49180 ,0.47706 ,0.49474 
,,,,,,,,,,,,,,,,,,,,,,,,,,,,,,,,,,,,,,,,,,,,,,,,,,,,,,,,,,,,,,,,,,,,,,,,,,,,,,,,,,
,,,,,,,,,,,,,,,,,,,,,,,,,,,,,,,,,,,,,,,,,,,,,,,,,,,,,,,,,,,,,,,,,,,,,,,,,,,,,,,,,,
,,,,,,,,,,,,,,,,,,,,,,,,,,,,,,,,,,,,,,,,,,,,,,,,,,,,,,,,,,,,,,,,,,,,,,,,,,,,,,,,,,
,,,,,,,,,,,,,,,,,,,,,,,,,,,,,,,,,,,,,,,,,,,,,,,,,,,,,,,,,,,,,,,,,,,,,,,,,,,,,,,,,,
,,,,,,,,,,,,,,,,,,,,,,,,,,,,,,,,,,,,,,,,,,,,,,,,,,,,,,,,,,,,,,,,,,,,,,,,,,,,,,,,,,
,,,,,,,,,,,,,,,,,,,,,,,,,,,,,,,,,,,,,,,,,,,,,,,,,,,,,,,,,,,,,,,,,,,,,,,,,,,,,,,,,,
,,,,,,,,,,,,,,,,,,,,,,,,,,,,,,,,,,,,,,,,,,,,,,,,,,,,,,,,,,,,,,,,,,,,,,,,,,,,,,,,,,
,,,,,,,,,,,,,,,,,,,,,,,,,,,,,,,,,,,,,,,,,,,,,,,,,,,,,,,,,,,,,,,,,,,,,,,,,,,,,,,,,,
,,,,,,,,,,,,,,,,,,,,,,,,,,,,,,,,,,,,,,,,,,,,,,,,,,,,,,,,,,,,,,,,,,,,,,,,,,,,,,,,,,
,,,,,,,,,,,,,,,,,,,,,,,,,,,,,,,,,,,,,,,,,,,,,,,,,,,,,,,,,,,,,,,,,,,,,,,,,,,,,,,,,,
,,,,,,,,,,,,,,,,,,,,,,,,,,,,,,,,,,,,,,,,,,,,,,,,,,,,,,,,,,,,,,,,,,,,,,,,,,,,,,,,,,
,,,,,,,,,,,,,,,,,,,,,,,,,,,,,,,,,,,,,,,,,,,,,,,,,,,,,,,,,,,,,,,,,,,,,,,,,,,,,,,,,,
,,,,,,,,,,,,,,,,,,,,,,,,,,,,,,,,,,,,,,,,,,,,,,,,,,,,,,,,,,,,,,,,,,,,,,,,,,,,,,,,,,
,,,,,,,,,,,,,,,,,,,,,,,,,,,,,,,,,,,,,,,,,,,,,,,,,,,,,,,,,,,,,,,,,,,,,,,,,,,,,,,,,,
,,,,,,,,,,,,,,,,,,,,,,,,,,,,,,,,,,,,,,,,,,,,,,,,,,,,,,,,,,,,,,,,,,,,,,,,,,,,,,,,,,
,,,,,,,,,,,,,,,,,,,,,,,,,,,,,,,,,,,,,,,,,,,,,,,,,,,,,,,,,,,,,,,,,,,,,,,,,,,,,,,,,,
,,,,,,,,,,,,,,,,,,,,,,,,,,,,,,,,,,,,,,,,,,,,,,,,,,,,,,,,,,,,,,,,,,,,,,,,,,,,,,,,,,
,,,,,,,,,,,,,,,,,,,,,,,,,,,,,,,,,,,,,,,,,,,,,,,,,,,,,,,,,,,,,,,,,,,,,,,,,,,,,,,,,,